-- BDS OS Seed Data
-- Auto-generated from data/*.json files
-- Run with: psql -f seed.sql  or  supabase db reset (which runs migrations + seed)

-- ═══════════════════════════════════════════════════════════════════
-- Areas (8 practice areas)
-- ═══════════════════════════════════════════════════════════════════

INSERT INTO areas (id, name, description, sort_order) VALUES
  (1, 'Finance & Unit Economics', 'Revenue models, pricing, cash flow, financial planning, and unit economics that drive P&L performance.', 1),
  (2, 'Product & Offering', 'Product strategy, roadmap, development lifecycle, customer feedback loops, and competitive positioning.', 2),
  (3, 'Go-To-Market & Sales', 'Sales process, pipeline management, customer acquisition, channel strategy, and revenue generation.', 3),
  (4, 'Marketing & Brand', 'Brand positioning, demand generation, content strategy, marketing operations, and market awareness.', 4),
  (5, 'People & Organization', 'Talent acquisition, culture, performance management, organizational design, and leadership development.', 5),
  (6, 'Technology & Infrastructure', 'Architecture, engineering practices, security, scalability, and technical debt management.', 6),
  (7, 'Delivery & Operations', 'Project delivery, operational efficiency, quality assurance, process optimization, and supply chain.', 7),
  (8, 'Governance & Leadership', 'Strategic planning, decision-making frameworks, board management, risk governance, and executive alignment.', 8);

SELECT setval('areas_id_seq', (SELECT MAX(id) FROM areas));

-- ═══════════════════════════════════════════════════════════════════
-- Practices (82 practices across 8 areas)
-- ═══════════════════════════════════════════════════════════════════

INSERT INTO practices (id, area_id, name, description, version, sort_order) VALUES
  (1, 1, 'Revenue Model Clarity', 'Clear articulation of how the business generates revenue, including pricing tiers, monetization strategy, and value exchange.', '1.0', 1),
  (2, 1, 'Unit Economics Tracking', 'Measurement and optimization of per-unit profitability including CAC, LTV, gross margin, and contribution margin.', '1.0', 2),
  (3, 1, 'Cash Flow Management', 'Forecasting, monitoring, and optimizing cash inflows and outflows to ensure operational continuity.', '1.0', 3),
  (4, 1, 'Financial Planning & Analysis', 'Budgeting, forecasting, variance analysis, and scenario planning to guide strategic decisions.', '1.0', 4),
  (5, 1, 'Pricing Strategy', 'Data-driven pricing decisions aligned with market positioning, cost structure, and customer willingness to pay.', '1.0', 5),
  (6, 1, 'Cost Structure Optimization', 'Systematic identification and reduction of unnecessary costs while preserving value delivery capacity.', '1.0', 6),
  (7, 1, 'Revenue Diversification', 'Reducing concentration risk by developing multiple revenue streams and customer segments.', '1.0', 7),
  (8, 1, 'Financial Reporting & Controls', 'Accurate, timely financial reporting with appropriate internal controls and audit readiness.', '1.0', 8),
  (9, 1, 'Capital Allocation Discipline', 'Structured approach to investing capital across initiatives based on expected returns and strategic fit.', '1.0', 9),
  (10, 1, 'Investor & Stakeholder Communication', 'Transparent, regular communication of financial performance and strategy to investors and stakeholders.', '1.0', 10),
  (11, 2, 'Product Vision & Strategy', 'A compelling, documented product vision that aligns the team and guides roadmap decisions.', '1.0', 1),
  (12, 2, 'Customer Discovery Process', 'Systematic methods for understanding customer needs, pain points, and jobs-to-be-done.', '1.0', 2),
  (13, 2, 'Product Roadmap Management', 'Prioritized, outcome-driven roadmap that balances customer needs, business goals, and technical debt.', '1.0', 3),
  (14, 2, 'Feature Prioritization Framework', 'Consistent, transparent methodology for deciding what to build next based on impact and effort.', '1.0', 4),
  (15, 2, 'Product-Market Fit Measurement', 'Quantitative and qualitative signals confirming the product solves a real problem for a defined market.', '1.0', 5),
  (16, 2, 'User Experience Design', 'Intentional design of user interactions that reduce friction and increase engagement and satisfaction.', '1.0', 6),
  (17, 2, 'Product Analytics & Instrumentation', 'Data collection and analysis of product usage patterns to inform decisions and measure outcomes.', '1.0', 7),
  (18, 2, 'Competitive Intelligence', 'Ongoing monitoring and analysis of competitor offerings, positioning, and market movements.', '1.0', 8),
  (19, 2, 'Product Feedback Loop', 'Structured collection, synthesis, and action on customer feedback across all touchpoints.', '1.0', 9),
  (20, 2, 'Product Quality Standards', 'Defined quality benchmarks, acceptance criteria, and release gates that protect customer experience.', '1.0', 10),
  (21, 2, 'Innovation Pipeline', 'Systematic approach to exploring new product opportunities beyond the current roadmap.', '1.0', 11),
  (22, 3, 'Ideal Customer Profile Definition', 'Clear, data-backed definition of the target customer including firmographics, behavior, and buying signals.', '1.0', 1),
  (23, 3, 'Sales Process & Methodology', 'Documented, repeatable sales process from lead qualification through close with defined stages and criteria.', '1.0', 2),
  (24, 3, 'Pipeline Management & Forecasting', 'Accurate visibility into sales pipeline health, velocity, and revenue forecasting.', '1.0', 3),
  (25, 3, 'Lead Generation & Qualification', 'Systematic generation of qualified leads through inbound and outbound channels.', '1.0', 4),
  (26, 3, 'Sales Enablement', 'Tools, content, training, and playbooks that equip the sales team to sell effectively.', '1.0', 5),
  (27, 3, 'Customer Onboarding', 'Structured process to transition new customers from sale to active, successful usage.', '1.0', 6),
  (28, 3, 'Account Management & Expansion', 'Proactive management of existing accounts to maximize retention, satisfaction, and expansion revenue.', '1.0', 7),
  (29, 3, 'Channel & Partnership Strategy', 'Identification and management of indirect sales channels and strategic partnerships.', '1.0', 8),
  (30, 3, 'Sales Compensation & Incentives', 'Compensation structures aligned with company goals that motivate desired selling behaviors.', '1.0', 9),
  (31, 3, 'CRM & Sales Technology Stack', 'Effective use of CRM and sales tools to track activity, manage relationships, and report performance.', '1.0', 10),
  (32, 4, 'Brand Positioning & Messaging', 'Clear, differentiated brand positioning with consistent messaging across all channels.', '1.0', 1),
  (33, 4, 'Demand Generation Strategy', 'Integrated approach to generating awareness and qualified demand through multiple channels.', '1.0', 2),
  (34, 4, 'Content Strategy & Production', 'Planned, consistent creation of valuable content that serves audience needs and business goals.', '1.0', 3),
  (35, 4, 'Digital Marketing Operations', 'Efficient execution of digital marketing campaigns including SEO, SEM, email, and social.', '1.0', 4),
  (36, 4, 'Marketing Analytics & Attribution', 'Measurement of marketing effectiveness with clear attribution of spend to pipeline and revenue.', '1.0', 5),
  (37, 4, 'Customer Advocacy & Referrals', 'Programs that turn satisfied customers into advocates who generate referrals and social proof.', '1.0', 6),
  (38, 4, 'Market Research & Segmentation', 'Ongoing research into market dynamics, customer segments, and emerging opportunities.', '1.0', 7),
  (39, 4, 'Marketing Technology Stack', 'Effective use of marketing automation, analytics, and campaign management tools.', '1.0', 8),
  (40, 4, 'Public Relations & Communications', 'Strategic management of public perception, media relations, and crisis communications.', '1.0', 9),
  (41, 4, 'Event & Community Strategy', 'Engagement with target audiences through events, communities, and experiential marketing.', '1.0', 10),
  (42, 5, 'Talent Acquisition & Recruiting', 'Ability to attract, evaluate, and hire the right talent at the pace the business requires.', '1.0', 1),
  (43, 5, 'Onboarding & Ramp-Up', 'Structured process to bring new hires to full productivity with clear milestones and support.', '1.0', 2),
  (44, 5, 'Performance Management', 'Regular, constructive performance evaluation and feedback cycles that drive improvement.', '1.0', 3),
  (45, 5, 'Compensation & Benefits', 'Competitive, equitable compensation structure that attracts and retains talent.', '1.0', 4),
  (46, 5, 'Culture & Values Alignment', 'Explicitly defined and actively maintained culture that guides behavior and decision-making.', '1.0', 5),
  (47, 5, 'Learning & Development', 'Investment in employee growth through training, mentoring, and career development paths.', '1.0', 6),
  (48, 5, 'Organizational Design', 'Structure, roles, and reporting lines aligned with strategy and scaled appropriately for stage.', '1.0', 7),
  (49, 5, 'Employee Engagement & Retention', 'Active measurement and improvement of employee satisfaction, engagement, and retention.', '1.0', 8),
  (50, 5, 'Succession Planning', 'Identification and development of future leaders for critical roles.', '1.0', 9),
  (51, 5, 'Diversity, Equity & Inclusion', 'Intentional practices to build a diverse, equitable, and inclusive workplace.', '1.0', 10),
  (52, 6, 'Architecture & Technical Design', 'Intentional system architecture that supports current needs and anticipated scale.', '1.0', 1),
  (53, 6, 'Engineering Standards & Practices', 'Coding standards, review processes, and engineering practices that ensure quality and consistency.', '1.0', 2),
  (54, 6, 'Technical Debt Management', 'Systematic identification, tracking, and reduction of technical debt.', '1.0', 3),
  (55, 6, 'Security & Compliance', 'Proactive security practices, vulnerability management, and regulatory compliance.', '1.0', 4),
  (56, 6, 'Infrastructure & Scalability', 'Reliable, scalable infrastructure that supports business growth without performance degradation.', '1.0', 5),
  (57, 6, 'CI/CD & Deployment Practices', 'Automated build, test, and deployment pipelines that enable frequent, reliable releases.', '1.0', 6),
  (58, 6, 'Monitoring & Observability', 'Comprehensive monitoring, logging, and alerting that enables rapid detection and resolution of issues.', '1.0', 7),
  (59, 6, 'Data Architecture & Management', 'Structured approach to data storage, access, quality, and governance.', '1.0', 8),
  (60, 6, 'API Strategy & Integration', 'Well-designed APIs and integration patterns that enable internal and external connectivity.', '1.0', 9),
  (61, 6, 'Technology Vendor Management', 'Strategic selection, management, and evaluation of technology vendors and platforms.', '1.0', 10),
  (62, 6, 'Disaster Recovery & Business Continuity', 'Tested plans and procedures for maintaining operations during and after disruptive events.', '1.0', 11),
  (63, 7, 'Project Delivery Methodology', 'Consistent, appropriate methodology for planning and delivering projects on time and within scope.', '1.0', 1),
  (64, 7, 'Resource Planning & Allocation', 'Effective matching of available resources to project and operational demands.', '1.0', 2),
  (65, 7, 'Quality Assurance & Testing', 'Systematic testing and quality verification processes that catch defects before customers do.', '1.0', 3),
  (66, 7, 'Process Documentation & Standardization', 'Documented, standardized processes for repeatable operations.', '1.0', 4),
  (67, 7, 'Operational Efficiency & Automation', 'Identification and elimination of waste through process improvement and automation.', '1.0', 5),
  (68, 7, 'Service Level Management', 'Defined, measured, and managed service levels for internal and external customers.', '1.0', 6),
  (69, 7, 'Incident Management', 'Structured response to incidents with root cause analysis and prevention of recurrence.', '1.0', 7),
  (70, 7, 'Change Management', 'Controlled process for introducing changes to minimize disruption and risk.', '1.0', 8),
  (71, 7, 'Customer Support Operations', 'Efficient, high-quality customer support with clear escalation paths and resolution tracking.', '1.0', 9),
  (72, 7, 'Supply Chain & Vendor Operations', 'Management of external suppliers and operational dependencies for reliability and cost.', '1.0', 10),
  (73, 8, 'Strategic Planning Process', 'Regular, structured strategic planning that aligns the organization around shared goals and priorities.', '1.0', 1),
  (74, 8, 'Decision-Making Framework', 'Clear, documented frameworks for how decisions are made, by whom, and with what inputs.', '1.0', 2),
  (75, 8, 'Board & Advisor Management', 'Effective management of board relationships, reporting, and advisory input.', '1.0', 3),
  (76, 8, 'Risk Management & Mitigation', 'Proactive identification, assessment, and mitigation of business risks.', '1.0', 4),
  (77, 8, 'Executive Team Alignment', 'Cohesive executive team with shared understanding of strategy, roles, and accountability.', '1.0', 5),
  (78, 8, 'Meeting Cadence & Governance Rhythms', 'Structured meeting cadences (weekly, monthly, quarterly) that maintain alignment and momentum.', '1.0', 6),
  (79, 8, 'Delegation & Authority Matrix', 'Clear delegation of authority with defined decision rights at each organizational level.', '1.0', 7),
  (80, 8, 'OKR & Goal Setting', 'Objectives and key results or equivalent goal framework that cascades from strategy to execution.', '1.0', 8),
  (81, 8, 'Legal & Regulatory Compliance', 'Proactive management of legal obligations, contracts, and regulatory requirements.', '1.0', 9),
  (82, 8, 'Stakeholder Communication & Transparency', 'Regular, transparent communication with all stakeholders including employees, investors, and partners.', '1.0', 10);

SELECT setval('practices_id_seq', (SELECT MAX(id) FROM practices));

-- ═══════════════════════════════════════════════════════════════════
-- Practice Metadata (82 entries — P&L, speed, dependency, risk)
-- ═══════════════════════════════════════════════════════════════════

INSERT INTO practice_metadata (practice_id, pnl_impact, speed_to_impact, dependency_score, risk_floor, risk_floor_level) VALUES
  (1, 5, 4, 2, true, 2),
  (2, 5, 3, 3, true, 2),
  (3, 5, 5, 1, true, 3),
  (4, 4, 3, 3, false, NULL),
  (5, 5, 4, 2, false, NULL),
  (6, 4, 3, 2, false, NULL),
  (7, 3, 2, 3, false, NULL),
  (8, 3, 2, 4, true, 2),
  (9, 4, 2, 4, false, NULL),
  (10, 2, 3, 2, false, NULL),
  (11, 4, 3, 2, true, 2),
  (12, 4, 4, 1, false, NULL),
  (13, 3, 3, 3, false, NULL),
  (14, 3, 4, 2, false, NULL),
  (15, 5, 3, 3, true, 2),
  (16, 3, 3, 2, false, NULL),
  (17, 3, 3, 3, false, NULL),
  (18, 2, 2, 1, false, NULL),
  (19, 4, 4, 2, false, NULL),
  (20, 3, 2, 3, false, NULL),
  (21, 2, 1, 2, false, NULL),
  (22, 5, 4, 1, true, 2),
  (23, 5, 4, 2, true, 2),
  (24, 5, 3, 3, false, NULL),
  (25, 5, 4, 2, false, NULL),
  (26, 3, 3, 3, false, NULL),
  (27, 4, 4, 2, false, NULL),
  (28, 4, 3, 3, false, NULL),
  (29, 3, 2, 2, false, NULL),
  (30, 2, 2, 3, false, NULL),
  (31, 2, 3, 3, false, NULL),
  (32, 4, 3, 1, false, NULL),
  (33, 5, 3, 2, false, NULL),
  (34, 3, 3, 2, false, NULL),
  (35, 3, 4, 2, false, NULL),
  (36, 4, 3, 3, false, NULL),
  (37, 3, 2, 2, false, NULL),
  (38, 2, 2, 1, false, NULL),
  (39, 2, 3, 3, false, NULL),
  (40, 2, 2, 1, false, NULL),
  (41, 2, 2, 1, false, NULL),
  (42, 4, 3, 2, true, 2),
  (43, 3, 4, 2, false, NULL),
  (44, 3, 3, 3, false, NULL),
  (45, 3, 2, 3, false, NULL),
  (46, 3, 2, 2, false, NULL),
  (47, 2, 2, 3, false, NULL),
  (48, 3, 2, 4, false, NULL),
  (49, 3, 3, 2, false, NULL),
  (50, 2, 1, 4, false, NULL),
  (51, 2, 2, 1, false, NULL),
  (52, 3, 2, 5, true, 2),
  (53, 3, 3, 4, false, NULL),
  (54, 3, 3, 3, false, NULL),
  (55, 3, 2, 4, true, 3),
  (56, 3, 2, 4, true, 2),
  (57, 3, 4, 3, false, NULL),
  (58, 3, 3, 3, false, NULL),
  (59, 3, 2, 4, false, NULL),
  (60, 2, 2, 3, false, NULL),
  (61, 2, 2, 2, false, NULL),
  (62, 2, 1, 4, true, 2),
  (63, 4, 4, 2, false, NULL),
  (64, 3, 3, 3, false, NULL),
  (65, 3, 3, 3, false, NULL),
  (66, 2, 3, 2, false, NULL),
  (67, 4, 3, 2, false, NULL),
  (68, 3, 2, 3, false, NULL),
  (69, 3, 4, 2, true, 2),
  (70, 2, 2, 3, false, NULL),
  (71, 4, 3, 2, false, NULL),
  (72, 3, 2, 2, false, NULL),
  (73, 4, 2, 4, true, 2),
  (74, 3, 4, 3, false, NULL),
  (75, 2, 2, 3, false, NULL),
  (76, 3, 2, 4, true, 2),
  (77, 4, 2, 5, true, 2),
  (78, 2, 4, 2, false, NULL),
  (79, 3, 3, 4, false, NULL),
  (80, 3, 3, 3, false, NULL),
  (81, 2, 1, 3, true, 3),
  (82, 2, 3, 2, false, NULL);

-- ═══════════════════════════════════════════════════════════════════
-- Maturity Levels (410 entries — 82 practices × 5 levels)
-- ═══════════════════════════════════════════════════════════════════

INSERT INTO maturity_levels (practice_id, level, descriptor, evidence_criteria, expiry_period_days) VALUES
  (1, 1, 'No documented revenue model; pricing is ad hoc or undefined', 'No written revenue model exists; pricing decisions made case-by-case', NULL),
  (1, 2, 'Basic revenue model articulated but not validated or consistently applied', 'Written revenue model document exists; at least one pricing tier defined', NULL),
  (1, 3, 'Revenue model documented with clear pricing tiers and monetization strategy', 'Revenue model document with pricing tiers, value metrics, and monetization logic reviewed within last 12 months', 365),
  (1, 4, 'Revenue model actively tested and optimized with data-driven pricing experiments', 'Evidence of pricing experiments or A/B tests; revenue model review cadence with results tracked; unit economics per tier documented', 365),
  (1, 5, 'Revenue model continuously refined with predictive analytics and market-leading pricing innovation', 'Predictive revenue modeling in place; dynamic pricing or value-based pricing fully implemented; quarterly model review with board-level reporting', 180),
  (2, 1, 'Unit economics not tracked; no visibility into CAC, LTV, or margins', 'No unit economics dashboard or calculations exist', NULL),
  (2, 2, 'Basic unit economics calculated periodically but not systematically tracked', 'CAC and LTV calculated at least once; basic spreadsheet or document exists', NULL),
  (2, 3, 'Unit economics tracked monthly with defined CAC, LTV, and contribution margin metrics', 'Monthly unit economics report or dashboard; CAC, LTV, gross margin, and contribution margin all tracked; definitions documented', 365),
  (2, 4, 'Unit economics integrated into decision-making with cohort analysis and segment-level tracking', 'Cohort-based LTV analysis; segment-level CAC tracking; unit economics influence product and marketing decisions with documented examples', 365),
  (2, 5, 'Predictive unit economics with real-time dashboards and automated alerting on margin shifts', 'Real-time unit economics dashboard; predictive models for LTV and CAC; automated alerts on metric degradation; quarterly optimization reviews', 180),
  (3, 1, 'Cash flow not forecasted; reactive management of cash position', 'No cash flow forecast exists; bank balance checked ad hoc', NULL),
  (3, 2, 'Basic cash flow tracking with simple short-term forecasting', 'Monthly cash flow statement produced; basic 30-day forecast exists', NULL),
  (3, 3, 'Regular cash flow forecasting with 90-day rolling projections and variance tracking', '90-day rolling cash flow forecast updated at least bi-weekly; variance analysis performed monthly; AR/AP aging tracked', 365),
  (3, 4, 'Proactive cash flow optimization with scenario modeling and working capital management', 'Scenario-based cash flow models (best/worst/expected); working capital optimization initiatives documented; cash conversion cycle tracked', 365),
  (3, 5, 'Automated cash flow management with real-time visibility and predictive treasury operations', 'Real-time cash position dashboard; automated cash flow forecasting with ML-driven predictions; treasury policy documented and reviewed quarterly', 180),
  (4, 1, 'No formal budgeting or financial planning process', 'No annual budget or financial plan exists', NULL),
  (4, 2, 'Annual budget created but rarely updated; limited variance analysis', 'Annual budget document exists; some comparison of actual vs. budget performed', NULL),
  (4, 3, 'Quarterly financial planning with monthly variance analysis and basic scenario planning', 'Quarterly reforecast process documented; monthly variance reports with explanations; at least two scenarios modeled annually', 365),
  (4, 4, 'Integrated FP&A with driver-based models, rolling forecasts, and cross-functional input', 'Driver-based financial model; rolling 12-month forecast; cross-functional planning inputs documented; FP&A calendar with stakeholder sign-off', 365),
  (4, 5, 'Continuous planning with real-time data integration, automated reporting, and strategic scenario analysis', 'Real-time financial dashboards; automated variance detection; strategic scenario planning tied to board reporting; FP&A team with dedicated tooling', 180),
  (5, 1, 'Pricing set intuitively with no market or cost analysis', 'No pricing analysis or documentation exists; prices set by founder intuition', NULL),
  (5, 2, 'Basic pricing established with some competitor or cost-based analysis', 'Competitor pricing comparison exists; cost-plus or simple markup logic documented', NULL),
  (5, 3, 'Pricing strategy documented with market positioning rationale and regular review cadence', 'Pricing strategy document with positioning rationale; annual pricing review process; customer willingness-to-pay data collected', 365),
  (5, 4, 'Data-driven pricing optimization with segmented pricing and elasticity analysis', 'Price elasticity analysis performed; segment-specific pricing tiers; pricing experiments documented with results; pricing committee or owner defined', 365),
  (5, 5, 'Dynamic, value-based pricing with continuous optimization and competitive moat', 'Value-based pricing methodology implemented; dynamic pricing or usage-based models with real-time adjustment; quarterly pricing optimization reviews with revenue impact analysis', 180),
  (6, 1, 'No visibility into cost structure; spending decisions made without analysis', 'No cost breakdown or analysis exists', NULL),
  (6, 2, 'Basic cost categories identified; some awareness of major cost drivers', 'Cost categories documented; major cost drivers identified in at least one review', NULL),
  (6, 3, 'Cost structure documented with regular reviews and identified optimization opportunities', 'Cost structure breakdown by category; quarterly cost reviews; at least two optimization initiatives identified and tracked', 365),
  (6, 4, 'Proactive cost management with benchmarking, vendor negotiations, and efficiency targets', 'Industry benchmarking data used; vendor renegotiation cadence documented; efficiency targets set and tracked; cost per unit metrics monitored', 365),
  (6, 5, 'Continuous cost optimization with automated monitoring and zero-based budgeting practices', 'Automated cost monitoring with anomaly alerts; zero-based or activity-based costing implemented; cost optimization tied to strategic planning; quarterly efficiency gains reported', 180),
  (7, 1, 'Single revenue stream with high concentration risk', 'Revenue from one product/service or one major customer exceeds 80%', NULL),
  (7, 2, 'Awareness of concentration risk; initial exploration of additional revenue streams', 'Concentration risk acknowledged in planning documents; at least one new revenue stream being explored', NULL),
  (7, 3, 'Two or more revenue streams contributing meaningfully; diversification strategy documented', 'At least two revenue streams each contributing >10% of revenue; diversification strategy documented with targets', 365),
  (7, 4, 'Multiple revenue streams actively managed with segment-level P&L and portfolio approach', 'Three or more revenue streams; segment-level P&L tracking; portfolio-level revenue management with investment allocation rationale', 365),
  (7, 5, 'Balanced revenue portfolio with systematic new-stream incubation and no single-source dependency', 'No single revenue stream exceeds 40%; systematic new revenue stream incubation process; quarterly portfolio rebalancing reviews; geographic or market diversification', 180),
  (8, 1, 'Financial reporting is informal, late, or inaccurate; no internal controls', 'No regular financial reports produced; no documented controls or processes', NULL),
  (8, 2, 'Basic financial reports produced but often late or incomplete; minimal controls', 'Monthly financial statements produced (even if delayed); basic bank reconciliation performed', NULL),
  (8, 3, 'Timely monthly financial reporting with documented controls and reconciliation processes', 'Monthly close within 15 business days; documented accounting policies; bank and key account reconciliations performed monthly; chart of accounts defined', 365),
  (8, 4, 'Comprehensive reporting with segregation of duties, audit-ready processes, and management dashboards', 'Monthly close within 10 business days; segregation of duties documented; annual audit completed; management dashboard with KPIs; internal control matrix documented', 365),
  (8, 5, 'Real-time financial reporting with automated controls, continuous auditing, and board-ready packages', 'Monthly close within 5 business days; automated control testing; continuous auditing processes; board-ready financial packages; SOX-equivalent controls or SOC 2 compliance', 180),
  (9, 1, 'Capital allocation decisions made ad hoc without framework or criteria', 'No capital allocation framework; investment decisions made by intuition or urgency', NULL),
  (9, 2, 'Basic awareness of capital allocation; some prioritization of spending', 'Annual budget allocates capital to categories; some discussion of ROI before major investments', NULL),
  (9, 3, 'Capital allocation framework with defined criteria and regular review of investment performance', 'Written capital allocation criteria (ROI thresholds, strategic fit); quarterly investment reviews; portfolio of investments tracked with expected vs. actual returns', 365),
  (9, 4, 'Disciplined capital allocation with portfolio optimization, hurdle rates, and stage-gate governance', 'Defined hurdle rates by investment type; stage-gate process for large investments; portfolio view of all capital commitments; post-investment reviews documented', 365),
  (9, 5, 'Strategic capital allocation with real-option thinking, dynamic rebalancing, and value-creation tracking', 'Real-option or DCF analysis for major investments; dynamic portfolio rebalancing process; value-creation tracking against strategic plan; board-level capital allocation review quarterly', 180),
  (10, 1, 'No structured investor or stakeholder communication; updates are reactive', 'No regular investor updates; communication happens only when investors ask', NULL),
  (10, 2, 'Periodic investor updates sent but inconsistent in format and cadence', 'At least quarterly investor updates sent; basic financial summary included', NULL),
  (10, 3, 'Regular, structured investor communication with consistent reporting and proactive updates', 'Monthly or quarterly investor report template; proactive communication of material events; KPI dashboard shared with investors; stakeholder list maintained', 365),
  (10, 4, 'Strategic stakeholder management with tailored communication, board materials, and relationship tracking', 'Board materials prepared with strategic context; stakeholder-specific communication plans; investor CRM or tracking system; annual investor day or strategic review', 365),
  (10, 5, 'Best-in-class investor relations with proactive narrative management and institutional-grade reporting', 'Institutional-grade reporting package; proactive IR strategy with media coordination; benchmarking against public-company IR standards; NPS or satisfaction survey from stakeholders', 180),
  (11, 1, 'No documented product vision; direction changes frequently', 'No written product vision or strategy document exists', NULL),
  (11, 2, 'Basic product vision exists but not widely shared or used to guide decisions', 'Product vision statement written; some team members aware of it', NULL),
  (11, 3, 'Clear product vision documented and shared with the team; strategy tied to business goals', 'Product vision and strategy document reviewed within 12 months; team can articulate the vision; strategy linked to business objectives', 365),
  (11, 4, 'Product vision drives roadmap decisions with measurable strategic outcomes and regular validation', 'Vision-to-roadmap traceability documented; strategic outcomes measured quarterly; vision validated with customer and market data; cross-functional alignment sessions held', 365),
  (11, 5, 'Inspiring product vision that drives company strategy with continuous market validation and thought leadership', 'Product vision influences company-level strategy; continuous market validation loop; thought leadership content published; annual vision refresh with board input', 180),
  (12, 1, 'No systematic customer research; assumptions drive product decisions', 'No customer interviews, surveys, or research conducted in the last 6 months', NULL),
  (12, 2, 'Some customer conversations happen but informally and without consistent methodology', 'At least some customer interviews conducted; informal notes or summaries exist', NULL),
  (12, 3, 'Regular customer discovery with documented methodology and synthesis of insights', 'Customer interview process documented; at least 10 interviews per quarter; insight synthesis shared with product team; personas or JTBD documented', 365),
  (12, 4, 'Continuous customer discovery integrated into product development with cross-functional participation', 'Engineers and designers participate in customer research; research repository maintained; insights directly influence roadmap with documented examples; discovery sprints scheduled', 365),
  (12, 5, 'Customer-obsessed discovery process with predictive insights, ethnographic research, and market-shaping innovation', 'Ethnographic or contextual inquiry methods used; predictive customer need analysis; customer advisory board active; research influences strategic direction beyond product', 180),
  (13, 1, 'No product roadmap; work is decided week to week', 'No roadmap document or tool exists; priorities shift constantly', NULL),
  (13, 2, 'Basic roadmap exists as a feature list but lacks strategic framing or timeline', 'A list of planned features or projects exists; some rough sequencing defined', NULL),
  (13, 3, 'Outcome-driven roadmap with clear themes, time horizons, and stakeholder communication', 'Roadmap organized by themes or outcomes; now/next/later or quarterly time horizons; roadmap shared with stakeholders regularly; linked to product strategy', 365),
  (13, 4, 'Dynamic roadmap with data-driven prioritization, capacity planning, and cross-functional input', 'Roadmap updated based on data and customer feedback; capacity planning integrated; cross-functional input process documented; roadmap review cadence established with leadership', 365),
  (13, 5, 'Continuously optimized roadmap with OKR alignment, predictive planning, and portfolio-level management', 'Roadmap tied to OKRs with measurable outcomes; predictive capacity and impact modeling; multi-product portfolio roadmap management; quarterly roadmap retrospectives', 180),
  (14, 1, 'Features prioritized by loudest voice or founder preference', 'No prioritization framework; decisions made ad hoc by HiPPO', NULL),
  (14, 2, 'Some prioritization criteria discussed but not consistently applied', 'Team has discussed prioritization approaches; some use of impact/effort or similar heuristics', NULL),
  (14, 3, 'Defined prioritization framework applied consistently with documented decision rationale', 'Prioritization framework documented (RICE, ICE, weighted scoring, or equivalent); applied to last 3+ prioritization decisions with rationale recorded', 365),
  (14, 4, 'Data-driven prioritization with quantified impact, opportunity cost analysis, and stakeholder alignment', 'Quantified impact estimates for prioritized features; opportunity cost considered; stakeholder input process defined; prioritization decisions reviewed for accuracy retroactively', 365),
  (14, 5, 'Predictive prioritization with continuous recalibration, portfolio optimization, and impact tracking', 'Predictive impact models validated against actuals; continuous reprioritization triggers defined; portfolio-level feature investment tracking; prioritization framework evolves based on retrospective data', 180),
  (15, 1, 'No measurement of product-market fit; assumption that the product is needed', 'No PMF metrics tracked; no customer retention or satisfaction data collected', NULL),
  (15, 2, 'Anecdotal evidence of product-market fit from customer conversations', 'Some positive customer testimonials; basic retention data available', NULL),
  (15, 3, 'PMF measured with defined metrics including retention, NPS, and Sean Ellis test', 'PMF survey (Sean Ellis or equivalent) conducted; retention cohorts tracked; NPS measured; results documented and shared', 365),
  (15, 4, 'Multi-dimensional PMF measurement with segment-level analysis and leading indicators', 'Segment-level PMF analysis; leading indicators of PMF identified and tracked; PMF dashboard; correlation between PMF metrics and revenue growth documented', 365),
  (15, 5, 'Continuous PMF optimization with predictive churn models and market expansion validation', 'Predictive churn and engagement models; PMF validated for each new segment or market; PMF score influences investment decisions; quarterly PMF health report to leadership', 180),
  (16, 1, 'No intentional UX design; interface built by engineers without user research', 'No designer on team; no usability testing or user research for design decisions', NULL),
  (16, 2, 'Some design attention but inconsistent; basic wireframes or mockups created', 'Mockups or wireframes created for some features; at least one designer or design-minded team member involved', NULL),
  (16, 3, 'Consistent UX design process with user testing, design system foundations, and accessibility basics', 'Design process documented; usability testing conducted at least quarterly; basic design system or component library exists; WCAG AA basics addressed', 365),
  (16, 4, 'Mature UX practice with comprehensive design system, regular user research, and cross-platform consistency', 'Full design system maintained; regular usability studies with documented findings; cross-platform design consistency; UX metrics (task completion, time on task) tracked', 365),
  (16, 5, 'Industry-leading UX with continuous optimization, accessibility excellence, and design-driven differentiation', 'WCAG AAA compliance; continuous UX optimization program; design thinking workshops with customers; UX benchmarked against industry leaders; design a recognized competitive advantage', 180),
  (17, 1, 'No product analytics; decisions made without usage data', 'No analytics tool implemented; no usage metrics tracked', NULL),
  (17, 2, 'Basic analytics tool in place but sparse instrumentation and limited usage', 'Analytics tool installed (e.g., Google Analytics, Mixpanel); some page views or basic events tracked', NULL),
  (17, 3, 'Key user journeys instrumented with defined metrics and regular reporting', 'Core user journeys instrumented with events; key metrics defined (DAU, retention, conversion); weekly or monthly analytics review; dashboard accessible to product team', 365),
  (17, 4, 'Comprehensive instrumentation with funnel analysis, cohort tracking, and experiment infrastructure', 'Full event taxonomy documented; funnel analysis for key flows; cohort-based retention tracking; A/B testing infrastructure in place with documented experiments', 365),
  (17, 5, 'Predictive analytics with real-time dashboards, automated insights, and data-driven product culture', 'Real-time product analytics dashboard; automated anomaly detection; predictive models for user behavior; data literacy across product org; analytics influence >80% of product decisions', 180),
  (18, 1, 'No competitive awareness; competitors not monitored', 'No competitor list or analysis exists', NULL),
  (18, 2, 'Ad hoc competitive awareness from sales conversations and news', 'Key competitors identified; informal knowledge from sales team or news', NULL),
  (18, 3, 'Regular competitive analysis with documented feature comparisons and market positioning', 'Competitive landscape document maintained; feature comparison matrix; quarterly competitive review; win/loss analysis includes competitive data', 365),
  (18, 4, 'Proactive competitive intelligence with market monitoring, battlecards, and strategic response planning', 'Competitive battlecards for sales team; automated market monitoring; strategic response playbook for competitive moves; competitive insights influence roadmap', 365),
  (18, 5, 'Market-shaping competitive strategy with predictive analysis and category leadership', 'Predictive competitive modeling; category creation or leadership strategy; competitive intelligence team or dedicated function; competitive position reviewed at board level', 180),
  (19, 1, 'No structured feedback collection; occasional anecdotal input from customers', 'No feedback collection process; customer input is random and unstructured', NULL),
  (19, 2, 'Some feedback collected through support tickets or ad hoc surveys', 'Feedback gathered from support channels; occasional survey or feedback form exists', NULL),
  (19, 3, 'Structured feedback loop with collection, categorization, and regular synthesis into product decisions', 'Feedback collection across multiple channels; categorization and tagging system; monthly feedback synthesis shared with product team; feedback influences roadmap with examples', 365),
  (19, 4, 'Closed-loop feedback system with customer follow-up, prioritization integration, and trend analysis', 'Closed-loop process where customers are notified of action taken; feedback integrated into prioritization framework; trend analysis performed quarterly; VoC program documented', 365),
  (19, 5, 'Predictive feedback system with sentiment analysis, proactive outreach, and customer co-creation', 'Automated sentiment analysis; proactive feedback solicitation triggered by usage patterns; customer co-creation programs; feedback system ROI measured; NPS response rate >40%', 180),
  (20, 1, 'No defined quality standards; bugs ship frequently', 'No acceptance criteria or quality gates; customer-reported bugs are primary quality signal', NULL),
  (20, 2, 'Basic quality awareness with some testing but inconsistent standards', 'Some manual testing before release; quality issues discussed but no formal standards', NULL),
  (20, 3, 'Defined quality standards with acceptance criteria, release gates, and bug severity classification', 'Acceptance criteria required for features; release checklist or gate process; bug severity classification system; quality metrics tracked (defect rate, escape rate)', 365),
  (20, 4, 'Comprehensive quality program with automated testing, SLAs for bug resolution, and quality dashboards', 'Automated test coverage >60%; bug resolution SLAs defined and tracked; quality dashboard visible to team; regression testing process; quality retrospectives conducted', 365),
  (20, 5, 'Quality excellence with shift-left testing, predictive defect analysis, and zero-critical-bug release policy', 'Shift-left testing culture with >80% automated coverage; predictive defect analysis; zero-critical-bug release policy enforced; quality metrics benchmarked against industry; customer-perceived quality measured', 180),
  (21, 1, 'No structured approach to exploring new product ideas beyond the current roadmap', 'No innovation process or pipeline exists; all work is on current product features', NULL),
  (21, 2, 'Occasional brainstorming sessions; some ad hoc experimentation', 'Some hackathons or brainstorm sessions held; at least one experimental idea explored informally', NULL),
  (21, 3, 'Defined innovation process with idea intake, evaluation criteria, and dedicated time allocation', 'Innovation pipeline process documented; idea submission mechanism exists; evaluation criteria defined; allocated time (e.g., 10% time, innovation sprints) for exploration', 365),
  (21, 4, 'Active innovation portfolio with stage-gated experiments, success metrics, and cross-functional teams', 'Stage-gate process for innovation ideas; active portfolio of experiments tracked; success metrics defined per experiment; cross-functional innovation teams formed; budget allocated', 365),
  (21, 5, 'Systematic innovation engine with external partnerships, patent strategy, and new-market incubation', 'Innovation lab or dedicated team; external partnerships for R&D; patent or IP strategy; new-market incubation with validated playbook; innovation ROI measured and reported to board', 180),
  (22, 1, 'No defined ideal customer profile; selling to anyone who will buy', 'No ICP document exists; customer acquisition is opportunistic', NULL),
  (22, 2, 'Informal understanding of best-fit customers but not documented or consistently applied', 'Sales team can describe good-fit customers verbally; some anecdotal patterns identified', NULL),
  (22, 3, 'ICP documented with firmographics, behavior patterns, and buying signals; used in lead qualification', 'Written ICP with firmographics, pain points, and buying signals; ICP used in lead scoring or qualification criteria; reviewed within last 12 months', 365),
  (22, 4, 'Data-validated ICP with segment-level profiles, win/loss analysis, and predictive lead scoring', 'ICP validated with win/loss data; multiple ICP segments defined; predictive lead scoring model incorporates ICP attributes; ICP refresh cadence established', 365),
  (22, 5, 'Dynamic ICP with real-time signals, propensity modeling, and market expansion targeting', 'Real-time ICP signal monitoring; propensity-to-buy models; ICP drives market expansion decisions; automated ICP-based lead routing; quarterly ICP optimization with revenue correlation', 180),
  (23, 1, 'No defined sales process; each rep sells differently', 'No documented sales stages or methodology; inconsistent approaches across the team', NULL),
  (23, 2, 'Basic sales stages defined but inconsistently followed', 'Sales stages named and defined in CRM or document; some reps follow the process', NULL),
  (23, 3, 'Documented sales process with stage criteria, exit requirements, and methodology training', 'Sales process documented with entry/exit criteria per stage; methodology (MEDDIC, Challenger, SPIN, etc.) selected and trained; >70% of deals follow the process', 365),
  (23, 4, 'Optimized sales process with data-driven stage management, playbooks, and continuous coaching', 'Stage conversion rates tracked and optimized; deal playbooks for key segments; regular coaching sessions documented; process compliance >90%; methodology reinforced through tooling', 365),
  (23, 5, 'Predictive sales process with AI-assisted next-best-actions and continuous methodology evolution', 'AI-assisted deal insights and next-best-action recommendations; methodology continuously refined based on win/loss data; sales process benchmarked against industry best practice; new hire ramp time measured and optimized', 180),
  (24, 1, 'No pipeline visibility; revenue forecasts are guesses', 'No pipeline tracking in CRM; no formal forecast process', NULL),
  (24, 2, 'Basic pipeline tracked in CRM but data quality is poor and forecasts unreliable', 'CRM has pipeline data; some forecast produced but accuracy is low; pipeline reviews happen sporadically', NULL),
  (24, 3, 'Regular pipeline reviews with defined stages, weighted forecasting, and data hygiene standards', 'Weekly pipeline reviews conducted; weighted forecast model applied; data hygiene standards documented; forecast accuracy tracked; pipeline coverage ratio monitored', 365),
  (24, 4, 'Advanced pipeline management with multi-scenario forecasting, velocity metrics, and deal scoring', 'Multi-scenario forecasts (commit/best-case/upside); pipeline velocity metrics tracked; deal scoring model in place; forecast accuracy within 15%; pipeline analytics dashboard', 365),
  (24, 5, 'Predictive pipeline management with AI-driven forecasting and automated pipeline health monitoring', 'AI-driven forecast models; automated pipeline health alerts; forecast accuracy within 10%; pipeline-to-capacity planning integration; real-time pipeline dashboards for leadership', 180),
  (25, 1, 'No structured lead generation; leads come from founder network or inbound inquiries', 'No lead gen programs or campaigns; lead source is word-of-mouth or ad hoc', NULL),
  (25, 2, 'Some lead generation activity but inconsistent volume and no qualification criteria', 'At least one lead gen channel active (content, ads, outbound); some leads generated monthly; no formal qualification criteria', NULL),
  (25, 3, 'Multi-channel lead generation with defined MQL/SQL criteria and lead scoring', 'Multiple lead gen channels active; MQL and SQL definitions documented; lead scoring model in place; monthly lead volume tracked by source; marketing-to-sales handoff process defined', 365),
  (25, 4, 'Optimized lead generation with channel ROI analysis, automated nurturing, and predictive qualification', 'Channel-level CAC and ROI tracked; automated lead nurturing workflows; predictive lead qualification; lead-to-opportunity conversion rates optimized by segment; SLA between marketing and sales', 365),
  (25, 5, 'Demand engine with intent-based targeting, account-based marketing, and full-funnel optimization', 'Intent data integrated into targeting; ABM program for strategic accounts; full-funnel attribution model; demand generation influences >60% of pipeline; automated lead routing with sub-5-minute response time', 180),
  (26, 1, 'No sales enablement; reps create their own materials and learn through trial and error', 'No sales playbooks, battlecards, or training materials exist', NULL),
  (26, 2, 'Some sales materials exist but are outdated or hard to find; training is ad hoc', 'Basic pitch deck and product sheets exist; some onboarding material for new reps', NULL),
  (26, 3, 'Organized sales enablement with current content library, onboarding program, and regular training', 'Central content library maintained; structured onboarding program with defined milestones; quarterly training sessions; battlecards for top competitors', 365),
  (26, 4, 'Strategic enablement with just-in-time content, deal-stage-specific resources, and skills coaching', 'Content mapped to buyer journey and deal stages; just-in-time content delivery through CRM; skills-based coaching program; enablement impact measured (ramp time, win rate)', 365),
  (26, 5, 'AI-powered enablement with personalized coaching, real-time call intelligence, and continuous optimization', 'AI-powered content recommendations; conversation intelligence tools deployed; personalized coaching plans; enablement ROI measured; new hire ramp time <3 months to full productivity', 180),
  (27, 1, 'No structured onboarding; customers figure out the product on their own', 'No onboarding process or welcome sequence; customer activation is undefined', NULL),
  (27, 2, 'Basic onboarding exists but is inconsistent; some welcome emails or kickoff calls', 'Welcome email or kickoff call exists; some setup documentation available', NULL),
  (27, 3, 'Structured onboarding with defined milestones, success criteria, and time-to-value tracking', 'Onboarding playbook with defined steps; activation milestones identified; time-to-value metric tracked; onboarding completion rate measured; customer health score initiated during onboarding', 365),
  (27, 4, 'Scalable onboarding with segmented programs, automated touchpoints, and proactive health monitoring', 'Segment-specific onboarding paths; automated onboarding workflows; proactive intervention when milestones missed; onboarding satisfaction survey; time-to-value consistently improving', 365),
  (27, 5, 'Self-service and guided onboarding with predictive success indicators and personalized journeys', 'Self-service onboarding for appropriate segments; predictive models identify at-risk onboardings; personalized onboarding journeys based on user behavior; onboarding NPS >60; <5% early churn during onboarding', 180),
  (28, 1, 'No proactive account management; customer contact only for renewals or complaints', 'No account management process; no tracking of account health or expansion opportunities', NULL),
  (28, 2, 'Some account management activity but reactive; basic renewal tracking', 'Renewal dates tracked; some periodic check-ins with larger accounts', NULL),
  (28, 3, 'Proactive account management with regular reviews, health scoring, and expansion opportunity identification', 'Quarterly business reviews with key accounts; customer health score tracked; expansion opportunities identified and pursued; NRR (Net Revenue Retention) measured; account plans for top accounts', 365),
  (28, 4, 'Strategic account management with multi-threaded relationships, success plans, and expansion playbooks', 'Multi-threaded relationships in key accounts; customer success plans with measurable outcomes; expansion playbooks by segment; NRR >110%; customer advocacy program feeding referrals', 365),
  (28, 5, 'Customer-as-partner model with co-innovation, executive sponsorship, and predictive retention management', 'Executive sponsorship program for strategic accounts; co-innovation or customer advisory board; predictive churn models; NRR >120%; account management influences product roadmap', 180),
  (29, 1, 'No channel or partnership strategy; all revenue through direct sales', 'No partner program or channel sales exist; 100% direct sales model', NULL),
  (29, 2, 'Some informal partnerships but no structured channel strategy', 'A few ad hoc partnerships exist; no formal partner program or agreements', NULL),
  (29, 3, 'Channel strategy defined with partner tiers, onboarding process, and revenue tracking', 'Partner program documented with tiers; partner onboarding process exists; partner-sourced revenue tracked; at least 3 active partners', 365),
  (29, 4, 'Mature channel program with partner enablement, co-selling, and mutual business planning', 'Partner enablement materials and training; co-selling motions documented; mutual business plans with top partners; partner-sourced revenue >15% of total; partner satisfaction measured', 365),
  (29, 5, 'Strategic ecosystem with technology integrations, marketplace presence, and partner-led market expansion', 'Technology integration partnerships with APIs; marketplace listing(s); partner-led market expansion into new segments or geos; partner-sourced revenue >30%; ecosystem strategy at board level', 180),
  (30, 1, 'No structured sales compensation; pay is ad hoc or salary-only', 'No commission plan or incentive structure documented', NULL),
  (30, 2, 'Basic commission structure exists but not tied to strategic objectives', 'Commission plan documented; basic quota and commission rate defined', NULL),
  (30, 3, 'Compensation plan aligned with strategic goals with clear quotas, accelerators, and SPIFs', 'Comp plan tied to company objectives; quota methodology documented; accelerators for overachievement; SPIFs for strategic priorities; plan communicated clearly to team', 365),
  (30, 4, 'Optimized compensation with multi-variable plans, retention bonuses, and competitive benchmarking', 'Multi-variable comp (new business, expansion, retention); competitive benchmarking performed; retention mechanisms included; comp plan effectiveness measured (quota attainment distribution, turnover)', 365),
  (30, 5, 'Dynamic compensation model with real-time performance tracking, predictive quota setting, and total rewards optimization', 'Real-time comp and performance dashboards; predictive quota models based on territory potential; total rewards philosophy documented; comp plan drives desired behaviors (verified with data); annual comp benchmarking', 180),
  (31, 1, 'No CRM or sales tools; tracking done in spreadsheets or not at all', 'No CRM system; pipeline tracked in spreadsheets or founder''s memory', NULL),
  (31, 2, 'CRM implemented but poorly adopted with inconsistent data entry', 'CRM system in place; <50% of deals consistently tracked; basic contact and deal data entered', NULL),
  (31, 3, 'CRM well-adopted with standardized fields, pipeline views, and basic automation', 'CRM adoption >80%; standardized fields and picklists; pipeline dashboards; basic workflow automation (e.g., task creation, notifications); data quality standards enforced', 365),
  (31, 4, 'Integrated sales tech stack with enrichment, sequencing, analytics, and cross-system data flow', 'Sales tech stack mapped and documented; data enrichment integrated; outreach sequencing tools deployed; analytics across full funnel; CRM integrated with marketing automation and support', 365),
  (31, 5, 'AI-enhanced sales stack with predictive insights, automated data capture, and continuous optimization', 'AI-powered CRM insights (deal scoring, next-best-action); automated activity capture; real-time competitive intelligence; tech stack ROI measured; sales ops team managing continuous optimization', 180),
  (32, 1, 'No defined brand positioning; messaging is inconsistent across channels', 'No brand guidelines or positioning document; messaging changes with each touchpoint', NULL),
  (32, 2, 'Basic brand elements exist (logo, colors) but positioning and messaging are informal', 'Logo and visual identity defined; some messaging exists but not consistently applied', NULL),
  (32, 3, 'Brand positioning documented with clear messaging framework, voice guidelines, and channel consistency', 'Brand positioning document with value proposition, differentiators, and messaging pillars; brand voice guidelines; messaging applied consistently across website, sales, and marketing materials', 365),
  (32, 4, 'Strategic brand management with audience-specific messaging, brand tracking, and competitive differentiation', 'Audience-specific messaging variants; brand tracking metrics (awareness, perception); competitive differentiation clearly articulated; brand consistency audit performed; brand training for customer-facing teams', 365),
  (32, 5, 'Category-defining brand with thought leadership, emotional connection, and premium positioning', 'Brand recognized as category leader or creator; brand drives pricing power; thought leadership program with executive visibility; brand equity measured and growing; brand influences talent acquisition', 180),
  (33, 1, 'No demand generation strategy; marketing is reactive or event-driven', 'No demand gen plan or campaigns; marketing activity is sporadic', NULL),
  (33, 2, 'Some demand generation activity but disconnected from sales and pipeline goals', 'Some campaigns run (email, events, content); basic lead capture in place; limited connection to pipeline targets', NULL),
  (33, 3, 'Integrated demand gen strategy with multi-channel campaigns, lead nurturing, and pipeline targets', 'Demand gen plan with channel mix; campaigns tied to pipeline targets; lead nurturing sequences active; MQL-to-pipeline conversion tracked; marketing and sales SLA defined', 365),
  (33, 4, 'Optimized demand gen with channel ROI optimization, ABM, and full-funnel marketing', 'Channel-level ROI tracked and optimized; ABM program for target accounts; full-funnel demand gen (awareness through opportunity); demand gen budget allocation data-driven; pipeline contribution targets met', 365),
  (33, 5, 'Predictive demand generation with intent-based activation, dynamic budgeting, and self-optimizing campaigns', 'Intent data driving campaign targeting; dynamic budget allocation based on performance; self-optimizing campaign workflows; demand gen drives >50% of qualified pipeline; predictive pipeline models', 180),
  (34, 1, 'No content strategy; content created reactively or not at all', 'No content calendar or plan; content is ad hoc blog posts or none', NULL),
  (34, 2, 'Some content produced but without strategy or audience focus', 'Blog posts or materials produced sporadically; no editorial calendar; content not tied to buyer journey', NULL),
  (34, 3, 'Content strategy aligned with buyer journey, consistent production cadence, and SEO fundamentals', 'Content strategy document with audience and topic pillars; editorial calendar maintained; content mapped to buyer journey stages; basic SEO optimization; monthly content production cadence', 365),
  (34, 4, 'Data-driven content program with performance optimization, content repurposing, and thought leadership', 'Content performance tracked (traffic, engagement, conversion); top-performing content optimized and repurposed; thought leadership pieces from executives; content influences pipeline with attribution; multimedia formats used', 365),
  (34, 5, 'Content engine with programmatic production, AI-assisted creation, and industry-leading organic reach', 'Programmatic content production at scale; AI tools integrated into content workflow; organic traffic growth outpacing industry; content community built; content drives >20% of qualified leads; original research published', 180),
  (35, 1, 'No digital marketing operations; online presence is minimal', 'No active digital campaigns; website exists but no marketing automation or paid channels', NULL),
  (35, 2, 'Basic digital marketing with some channels active but limited tracking', 'At least one digital channel active (email, social, SEM); basic website analytics; some email campaigns sent', NULL),
  (35, 3, 'Multi-channel digital marketing with campaign tracking, A/B testing, and marketing automation', 'Three or more digital channels active; marketing automation platform in use; A/B testing for emails and landing pages; UTM tracking standardized; campaign performance dashboards', 365),
  (35, 4, 'Sophisticated digital operations with personalization, multi-touch attribution, and conversion optimization', 'Personalization across channels; multi-touch attribution model; conversion rate optimization program; retargeting and audience segmentation; digital marketing contributes measurably to pipeline', 365),
  (35, 5, 'AI-driven digital marketing with predictive audiences, dynamic creative, and omnichannel orchestration', 'AI-driven audience modeling and creative optimization; omnichannel campaign orchestration; real-time personalization; CAC continuously optimized; digital marketing benchmarked against industry leaders', 180),
  (36, 1, 'No marketing analytics; no understanding of what marketing activities drive results', 'No analytics dashboards or reporting; marketing ROI unknown', NULL),
  (36, 2, 'Basic analytics with channel-level metrics but no attribution to pipeline or revenue', 'Google Analytics or similar tool in place; basic metrics tracked (traffic, email opens); no pipeline attribution', NULL),
  (36, 3, 'Marketing analytics with pipeline attribution, campaign ROI tracking, and regular reporting', 'Marketing pipeline attribution model (first-touch or last-touch); campaign ROI tracked; monthly marketing analytics report; key metrics defined (MQLs, conversion rates, CAC)', 365),
  (36, 4, 'Advanced analytics with multi-touch attribution, predictive modeling, and marketing-finance alignment', 'Multi-touch attribution model implemented; predictive lead scoring; marketing contribution to revenue clearly quantified; marketing and finance aligned on metrics; cohort-based campaign analysis', 365),
  (36, 5, 'Full marketing measurement with unified data, real-time optimization, and incrementality testing', 'Unified marketing data platform; real-time campaign optimization; incrementality testing (e.g., geo-experiments, holdout groups); marketing mix modeling; marketing spend optimization automated; board-level marketing ROI reporting', 180),
  (37, 1, 'No customer advocacy programs; referrals happen organically and untracked', 'No referral program; no customer case studies or testimonials collected systematically', NULL),
  (37, 2, 'Some testimonials and case studies collected ad hoc; informal referral asks', 'A few customer testimonials or case studies exist; occasional referral requests made', NULL),
  (37, 3, 'Structured advocacy program with case study pipeline, referral tracking, and review generation', 'Customer advocacy program documented; case study production pipeline; referral program with tracking; online review generation strategy; advocacy activities tracked', 365),
  (37, 4, 'Active advocacy community with customer champions, co-marketing, and measurable referral revenue', 'Customer champion program with defined tiers; co-marketing initiatives with customers; referral revenue tracked; customer advisory board active; NPS promoters systematically engaged', 365),
  (37, 5, 'Customer-led growth engine with community, earned media, and advocacy-driven pipeline', 'Active customer community platform; earned media from customer stories; advocacy drives >15% of new pipeline; customer-led events or content; advocacy ROI measured and optimized', 180),
  (38, 1, 'No market research; market assumptions untested', 'No market research conducted; TAM/SAM unknown or guessed', NULL),
  (38, 2, 'Basic market sizing and occasional competitive research', 'TAM/SAM estimated; some secondary research conducted; basic market segmentation discussed', NULL),
  (38, 3, 'Regular market research with defined segments, buyer personas, and trend monitoring', 'Market segmentation documented with sizing; buyer personas created and validated; quarterly trend monitoring; competitive landscape updated; research informs strategy', 365),
  (38, 4, 'Continuous market intelligence with primary research, segment-level strategy, and market modeling', 'Primary research (surveys, interviews) conducted regularly; segment-level go-to-market strategies; market models with growth projections; market insights drive product and sales strategy; win/loss analysis by segment', 365),
  (38, 5, 'Predictive market analysis with real-time signals, emerging segment identification, and market-shaping strategies', 'Real-time market signal monitoring; emerging segment identification before competitors; market-shaping thought leadership; predictive market models; market research function or partnership in place; insights influence board strategy', 180),
  (39, 1, 'No marketing technology beyond basic email; manual processes', 'No marketing automation platform; email sent from personal accounts or basic tools', NULL),
  (39, 2, 'Marketing automation platform in place but underutilized', 'Marketing automation tool deployed; basic email campaigns set up; limited integration with CRM', NULL),
  (39, 3, 'Marketing tech stack operational with automation, CRM integration, and campaign management', 'Marketing automation with lead scoring and nurture workflows; CRM integration bidirectional; campaign tracking and attribution; tech stack documented; at least 3 tools in active use', 365),
  (39, 4, 'Optimized martech stack with cross-platform data flow, advanced segmentation, and usage analytics', 'Cross-platform data flow automated; advanced segmentation and personalization; martech stack ROI tracked; usage analytics across tools; stack rationalization performed annually', 365),
  (39, 5, 'Integrated martech ecosystem with CDP, real-time orchestration, and AI-powered optimization', 'Customer data platform (CDP) in place; real-time cross-channel orchestration; AI-powered optimization for campaigns; martech influences >60% of marketing activities; continuous vendor evaluation and optimization', 180),
  (40, 1, 'No PR or communications strategy; media interactions are unplanned', 'No PR plan or media list; no spokesperson designated', NULL),
  (40, 2, 'Basic PR awareness with occasional press releases or media outreach', 'Some press releases issued; basic media list exists; occasional media mentions', NULL),
  (40, 3, 'PR strategy with media relations plan, spokesperson training, and crisis communication basics', 'PR strategy documented; media relations plan with target outlets; spokesperson identified and trained; crisis communication plan exists; monthly PR activity tracked', 365),
  (40, 4, 'Proactive PR with thought leadership placement, analyst relations, and reputation monitoring', 'Executive thought leadership in target publications; analyst relations program; media monitoring and sentiment tracking; PR tied to business outcomes; bylined articles and speaking engagements secured', 365),
  (40, 5, 'Strategic communications with narrative control, category creation, and integrated reputation management', 'Category creation or narrative leadership in market; integrated comms across PR, social, and exec visibility; real-time reputation monitoring; crisis simulation exercises conducted; comms strategy reviewed at board level', 180),
  (41, 1, 'No event or community strategy; participation is reactive', 'No events planned; no community initiatives', NULL),
  (41, 2, 'Sporadic event attendance or hosting; early community exploration', 'Attendance at some industry events; initial community channel (Slack, Discord) or meetup explored', NULL),
  (41, 3, 'Event calendar and community program with regular engagement and ROI tracking', 'Annual event calendar with owned and sponsored events; community platform active with regular content; event ROI tracked (leads, pipeline); community engagement metrics monitored', 365),
  (41, 4, 'Strategic event portfolio and thriving community with content flywheel and measurable business impact', 'Flagship owned event or conference; community drives content and referrals; event-to-pipeline attribution; community health metrics (DAU, engagement rate); user-generated content program', 365),
  (41, 5, 'Industry-defining events and self-sustaining community ecosystem', 'Industry-recognized conference or event series; self-sustaining community with peer-to-peer support; community influences product roadmap; events drive brand leadership; community and event ROI exceeds benchmarks', 180),
  (42, 1, 'Hiring is reactive and unstructured; no recruiting process', 'No defined hiring process; roles filled through personal networks only; no job descriptions', NULL),
  (42, 2, 'Basic recruiting process with job postings and interviews but inconsistent evaluation', 'Job descriptions written; jobs posted on at least one platform; interviews conducted but without consistent rubric', NULL),
  (42, 3, 'Structured recruiting with scorecards, consistent interview process, and employer branding', 'Structured interview process with scorecards; ATS in use; employer branding on careers page and LinkedIn; time-to-fill tracked; offer acceptance rate measured', 365),
  (42, 4, 'Strategic talent acquisition with pipeline building, diversity sourcing, and data-driven hiring', 'Proactive talent pipeline for critical roles; diversity sourcing strategy; hiring quality metrics tracked (new hire performance, retention); hiring manager training program; recruiting analytics dashboard', 365),
  (42, 5, 'Predictive talent acquisition with workforce planning, employer brand excellence, and AI-assisted screening', 'Workforce planning integrated with business strategy; employer brand recognized in industry; AI-assisted candidate screening and matching; hire quality tracked long-term; talent community nurtured for future roles', 180),
  (43, 1, 'No structured onboarding for new hires; sink-or-swim approach', 'No onboarding checklist or program; new hires left to figure things out', NULL),
  (43, 2, 'Basic onboarding with initial orientation but no structured ramp plan', 'First-day orientation exists; basic IT setup and introductions; no defined ramp milestones', NULL),
  (43, 3, 'Structured onboarding with 30/60/90 day plan, buddy system, and role-specific training', '30/60/90 day onboarding plan documented; buddy or mentor assigned; role-specific training modules; onboarding satisfaction survey; time-to-productivity tracked', 365),
  (43, 4, 'Comprehensive onboarding with cultural immersion, cross-functional exposure, and ramp acceleration', 'Cultural immersion sessions included; cross-functional rotation or exposure; ramp metrics tracked by role type; manager onboarding training; onboarding continuously improved from feedback; new hire retention >90% at 6 months', 365),
  (43, 5, 'Personalized onboarding with adaptive learning paths, predictive ramp analytics, and pre-boarding programs', 'Pre-boarding program before start date; adaptive learning paths based on role and experience; predictive ramp analytics; new hire cohort community; onboarding NPS >70; ramp time benchmarked and improving', 180),
  (44, 1, 'No performance management process; feedback is rare or informal', 'No performance reviews or feedback cycles; no documented goals or expectations', NULL),
  (44, 2, 'Annual performance reviews exist but are inconsistent and backward-looking', 'Annual review process exists; some goal-setting occurs; reviews perceived as administrative burden', NULL),
  (44, 3, 'Regular performance cycles with goal-setting, feedback, and development conversations', 'Quarterly or semi-annual review cycles; goals set and tracked; 360 or upward feedback incorporated; performance documentation standardized; manager training on feedback', 365),
  (44, 4, 'Continuous performance management with real-time feedback, calibration, and career pathing', 'Continuous feedback culture with regular 1:1s; performance calibration across teams; career paths documented for key roles; performance data influences compensation and development; low performer management process', 365),
  (44, 5, 'High-performance culture with predictive talent analytics, personalized development, and performance-linked strategy', 'Predictive talent analytics (attrition risk, high-potential identification); personalized development plans; performance management directly linked to company strategy; performance culture surveys show >80% satisfaction; benchmarked against best-employer standards', 180),
  (45, 1, 'Compensation set ad hoc with no market data or internal equity analysis', 'No compensation philosophy; pay determined case-by-case without data', NULL),
  (45, 2, 'Basic salary ranges defined; some awareness of market rates', 'Some salary ranges established; basic benefits package; occasional market rate checks', NULL),
  (45, 3, 'Compensation framework with market-benchmarked ranges, pay bands, and equity guidelines', 'Compensation philosophy documented; pay bands with market-benchmarked ranges; equity compensation guidelines; annual compensation review cycle; benefits package competitive for stage', 365),
  (45, 4, 'Total rewards strategy with internal equity analysis, variable comp, and competitive benchmarking', 'Total rewards framework (base + equity + benefits + perks); internal equity audits performed; variable compensation tied to performance; annual market benchmarking; compensation committee or process', 365),
  (45, 5, 'Leading total rewards with pay transparency, advanced equity programs, and personalized benefits', 'Pay transparency policy and reporting; advanced equity programs (refreshers, performance grants); personalized benefits (flexible spending, wellness); compensation philosophy drives talent strategy; annual total rewards benchmarking vs. top employers', 180),
  (46, 1, 'No defined culture or values; culture is whatever happens organically', 'No written values or culture documentation; no intentional culture initiatives', NULL),
  (46, 2, 'Values exist on paper but are not actively reinforced or integrated into processes', 'Company values written down; values referenced occasionally but not embedded in hiring or reviews', NULL),
  (46, 3, 'Culture and values actively maintained with integration into hiring, onboarding, and recognition', 'Values integrated into interview scorecards; values-aligned recognition program; culture discussed in onboarding; annual culture survey conducted; leadership models values', 365),
  (46, 4, 'Culture as strategic asset with measurement, reinforcement, and intentional evolution', 'Culture metrics tracked (eNPS, engagement, values alignment); values reinforced through stories and rituals; culture considerations in M&A or major decisions; culture workshops or offsites; leaders held accountable for culture', 365),
  (46, 5, 'Industry-recognized culture with employer brand differentiation and culture-led competitive advantage', 'Culture recognized externally (awards, press, glassdoor); culture drives talent acquisition advantage; culture influences customer perception; culture evolution managed proactively; culture health reported to board', 180),
  (47, 1, 'No learning and development programs; growth is self-directed only', 'No L&D budget, programs, or resources; no mentorship or training', NULL),
  (47, 2, 'Some training available but not systematic; occasional conference attendance', 'Ad hoc training or conference attendance; small L&D budget exists; no learning paths defined', NULL),
  (47, 3, 'Structured L&D with defined learning paths, mentorship program, and dedicated budget', 'L&D budget allocated per employee; learning paths for key roles; mentorship program active; training completion tracked; skills gap assessment performed', 365),
  (47, 4, 'Strategic L&D tied to business needs with leadership development, skills academies, and impact measurement', 'L&D programs aligned to strategic skill gaps; leadership development program; internal skills academies or certification tracks; L&D impact measured (skill improvement, promotion readiness); learning culture visible', 365),
  (47, 5, 'Learning organization with personalized development, knowledge management, and continuous skill evolution', 'Personalized learning plans with AI recommendations; knowledge management system; internal mobility enabled by skills; L&D ROI measured; learning embedded in daily work; organization recognized for talent development', 180),
  (48, 1, 'Organizational structure evolved organically with unclear roles and reporting lines', 'No org chart; roles and responsibilities unclear; reporting lines ambiguous', NULL),
  (48, 2, 'Basic org chart exists but doesn''t reflect how work actually gets done', 'Org chart created; basic role descriptions exist; some role overlap or gaps acknowledged', NULL),
  (48, 3, 'Intentional org design with documented roles, clear reporting lines, and span-of-control guidelines', 'Org design aligned to strategy; role descriptions with responsibilities and decision rights; span of control guidelines; org chart current and shared; design reviewed at least annually', 365),
  (48, 4, 'Strategic org design with cross-functional collaboration structures, capacity planning, and role leveling', 'Cross-functional collaboration mechanisms (squads, pods, guilds); capacity planning by function; role leveling framework; org design adapts to strategic changes; design informed by operating model', 365),
  (48, 5, 'Adaptive organizational design with network structures, dynamic teaming, and continuous reorganization capability', 'Network or matrix structures operating effectively; dynamic team formation for initiatives; org design agility demonstrated (reorgs executed smoothly); org effectiveness measured; design benchmarked against best practices', 180),
  (49, 1, 'No measurement of employee engagement; turnover causes unknown', 'No engagement survey or pulse checks; employee attrition not tracked by cause', NULL),
  (49, 2, 'Informal awareness of engagement issues; exit interviews sometimes conducted', 'Some exit interviews conducted; informal sense of morale; attrition tracked at basic level', NULL),
  (49, 3, 'Regular engagement surveys with action planning and retention metric tracking', 'Annual or bi-annual engagement survey; results shared with leaders; action plans created for low-scoring areas; voluntary attrition rate tracked; retention initiatives in place', 365),
  (49, 4, 'Continuous engagement monitoring with pulse surveys, predictive attrition modeling, and stay interviews', 'Quarterly pulse surveys; predictive attrition models for key talent; stay interviews for high performers; engagement action plans tracked to completion; manager-level engagement scores reviewed; eNPS >30', 365),
  (49, 5, 'Industry-leading engagement with real-time sentiment, personalized retention, and engagement-performance correlation', 'Real-time engagement sentiment monitoring; personalized retention strategies for critical talent; engagement correlated with performance and business outcomes; voluntary attrition below industry benchmark; engagement innovation (e.g., sabbaticals, radical flexibility)', 180),
  (50, 1, 'No succession planning; single points of failure exist across the organization', 'No succession plans for any role; key-person dependencies not identified', NULL),
  (50, 2, 'Informal awareness of key-person risk; some backup responsibilities discussed', 'Key-person risks informally acknowledged; some cross-training for critical functions', NULL),
  (50, 3, 'Succession plans for critical roles with identified successors and development activities', 'Critical roles identified; at least one successor identified per critical role; development plans for successors; succession review conducted annually; cross-training program for key functions', 365),
  (50, 4, 'Comprehensive succession planning with talent calibration, readiness assessment, and accelerated development', 'Talent calibration sessions across leadership; succession readiness assessed (ready now, ready in 1-2 years); accelerated development programs for high-potentials; succession plan covers two levels deep; emergency succession plan documented', 365),
  (50, 5, 'Strategic workforce planning with pipeline analytics, internal mobility, and leadership bench strength', 'Leadership bench strength metric tracked; internal promotion rate for critical roles >60%; workforce planning integrated with business strategy; succession pipeline analytics; board reviews succession for C-suite; talent marketplace active', 180),
  (51, 1, 'No DEI initiatives; workforce composition not tracked', 'No DEI goals, programs, or demographic tracking', NULL),
  (51, 2, 'Basic awareness of DEI importance; initial data collection', 'Workforce demographic data collected; DEI discussed at leadership level; basic awareness training offered', NULL),
  (51, 3, 'DEI strategy with goals, programs, and regular reporting on workforce composition', 'DEI strategy documented with measurable goals; ERGs or affinity groups supported; bias training for hiring managers; demographic reporting regular; inclusive hiring practices implemented', 365),
  (51, 4, 'Embedded DEI with inclusive culture practices, supplier diversity, and equity audits', 'DEI embedded in performance reviews and leadership evaluation; pay equity audits conducted; supplier diversity program; inclusive product design practices; DEI metrics reviewed by leadership quarterly', 365),
  (51, 5, 'Industry-leading DEI with systemic inclusion, external advocacy, and measurable representation progress', 'Representation at all levels meets or exceeds industry benchmarks; systemic inclusion practices; DEI influences business strategy; external DEI advocacy or reporting; recognized externally for DEI excellence; board diversity achieved', 180),
  (52, 1, 'No intentional architecture; system grew organically without design principles', 'No architecture documentation; no design reviews; system is a monolith with no clear boundaries', NULL),
  (52, 2, 'Basic awareness of architecture concerns; some documentation of system components', 'High-level system diagram exists; some architectural decisions documented; awareness of technical constraints', NULL),
  (52, 3, 'Documented architecture with design principles, ADRs, and regular architecture reviews', 'Architecture documentation current; Architecture Decision Records (ADRs) maintained; design principles defined; architecture review process for major changes; capacity planning based on architecture', 365),
  (52, 4, 'Strategic architecture with modularity, scalability planning, and cross-team alignment', 'Modular architecture supporting independent deployments; scalability roadmap; cross-team architecture alignment forums; architecture fitness functions or quality metrics; migration strategy for legacy components', 365),
  (52, 5, 'Evolutionary architecture with fitness functions, continuous modernization, and industry-leading practices', 'Evolutionary architecture practices with automated fitness functions; continuous modernization without major rewrites; architecture enables business agility; architecture benchmarked against industry; architecture guild or center of excellence', 180),
  (53, 1, 'No engineering standards; each developer works with their own style and practices', 'No coding standards, style guides, or review processes; inconsistent code quality', NULL),
  (53, 2, 'Basic coding conventions discussed; code reviews happen sometimes', 'Some informal coding conventions; code reviews conducted for some PRs; linting partially configured', NULL),
  (53, 3, 'Documented standards with mandatory code reviews, linting, and automated quality checks', 'Coding standards documented and enforced by linters; mandatory code reviews for all PRs; automated quality gates in CI; testing requirements defined; onboarding guide for engineering practices', 365),
  (53, 4, 'Mature engineering practices with DORA metrics tracking, engineering RFCs, and developer experience focus', 'DORA metrics tracked (deployment frequency, lead time, failure rate, MTTR); engineering RFC process for significant changes; developer experience surveys; pair programming or mob sessions; engineering blog or knowledge sharing', 365),
  (53, 5, 'Engineering excellence with industry-leading practices, open-source contribution, and continuous improvement culture', 'DORA metrics at elite level; open-source contributions; engineering brand attracts talent; continuous improvement retrospectives with data; engineering practices benchmarked against industry leaders; internal tooling and DX investment', 180),
  (54, 1, 'Technical debt not tracked or acknowledged; codebase quality degrading', 'No awareness of technical debt; no tracking or prioritization of debt remediation', NULL),
  (54, 2, 'Some awareness of technical debt; occasional cleanup efforts', 'Team discusses tech debt informally; some cleanup tasks created ad hoc', NULL),
  (54, 3, 'Technical debt tracked with regular allocation of time for remediation', 'Tech debt backlog maintained; percentage of sprint capacity allocated to debt reduction (e.g., 20%); debt items categorized by severity; debt review in sprint planning', 365),
  (54, 4, 'Strategic debt management with quantified impact, architectural remediation plans, and prevention practices', 'Tech debt impact quantified (developer velocity, incident rate); architectural remediation roadmap; debt prevention practices (design reviews, coding standards); tech debt metrics tracked over time; leadership visibility into debt levels', 365),
  (54, 5, 'Proactive debt prevention with automated detection, continuous refactoring, and debt-free delivery targets', 'Automated tech debt detection tools; continuous refactoring culture; debt-free delivery standards for new features; tech debt ratio improving quarter-over-quarter; debt management integrated into engineering OKRs', 180),
  (55, 1, 'No security practices; compliance requirements unknown or ignored', 'No security policies; no vulnerability scanning; compliance requirements not identified', NULL),
  (55, 2, 'Basic security awareness; some compliance requirements identified', 'Basic security measures (HTTPS, password policies); key compliance requirements listed; no regular security audits', NULL),
  (55, 3, 'Security program with vulnerability management, access controls, and compliance tracking', 'Vulnerability scanning regular; access control policies documented; compliance requirements tracked; security training for developers; incident response plan exists; data classification policy', 365),
  (55, 4, 'Mature security program with penetration testing, SOC 2 compliance, and security-by-design practices', 'Annual penetration testing; SOC 2 Type II or equivalent compliance; security champions program; secure SDLC practices; security metrics dashboard; third-party security reviews; bug bounty or responsible disclosure program', 365),
  (55, 5, 'Security-first culture with zero-trust architecture, continuous compliance, and threat modeling at design phase', 'Zero-trust security model; continuous compliance monitoring; threat modeling in design phase; red team exercises; security influences architecture decisions; CISO or security leader at executive level; compliance automation', 180),
  (56, 1, 'Infrastructure is fragile and manually managed; outages are frequent', 'No infrastructure-as-code; manual server management; frequent unplanned downtime', NULL),
  (56, 2, 'Basic cloud infrastructure but limited automation and scalability planning', 'Cloud hosting in use; basic backup procedures; some documentation of infrastructure; scaling is manual', NULL),
  (56, 3, 'Infrastructure-as-code with auto-scaling, disaster recovery plan, and uptime SLAs', 'IaC for core infrastructure (Terraform, CloudFormation, etc.); auto-scaling configured for key services; DR plan documented and tested annually; uptime SLAs defined; infrastructure costs tracked', 365),
  (56, 4, 'Mature infrastructure with multi-region deployment, capacity planning, and cost optimization', 'Multi-region or multi-AZ deployment; capacity planning with growth projections; cost optimization program (reserved instances, rightsizing); infrastructure security hardened; GitOps workflow for infrastructure changes', 365),
  (56, 5, 'Cloud-native infrastructure with serverless patterns, edge computing, and predictive scaling', 'Cloud-native architecture with serverless where appropriate; edge computing for performance; predictive auto-scaling; infrastructure cost per customer tracked; 99.99% uptime achieved; FinOps practice established', 180),
  (57, 1, 'No CI/CD pipeline; deployments are manual and risky', 'No automated build or deployment; code deployed manually; deployments are stressful events', NULL),
  (57, 2, 'Basic CI pipeline with some automated tests; deployments still largely manual', 'CI server runs builds and some tests; deployment partially automated; deployment frequency weekly or less', NULL),
  (57, 3, 'Full CI/CD pipeline with automated testing, staging environments, and defined release process', 'Automated build, test, and deployment pipeline; staging environment mirrors production; deployment frequency at least weekly; rollback procedure documented; feature flags for risk mitigation', 365),
  (57, 4, 'Advanced CI/CD with canary deployments, automated rollback, and deployment metrics', 'Canary or blue-green deployments; automated rollback on failure; deployment frequency daily or more; deployment success rate >98%; pipeline performance metrics tracked; multiple environment promotion', 365),
  (57, 5, 'Continuous deployment with zero-downtime releases, progressive delivery, and self-healing pipelines', 'Continuous deployment to production multiple times daily; zero-downtime deployments; progressive delivery (feature flags, A/B); self-healing pipeline with auto-remediation; deployment lead time <1 hour; DORA deployment metrics at elite level', 180),
  (58, 1, 'No monitoring or observability; issues discovered by customers', 'No monitoring tools; no alerting; incidents discovered through customer complaints', NULL),
  (58, 2, 'Basic monitoring with uptime checks and some error tracking', 'Uptime monitoring active; basic error tracking (e.g., Sentry); some log aggregation; limited alerting', NULL),
  (58, 3, 'Comprehensive monitoring with dashboards, structured logging, and on-call rotation', 'Application and infrastructure monitoring dashboards; structured logging with search capability; alerting with severity levels; on-call rotation established; key SLIs defined and tracked', 365),
  (58, 4, 'Full observability with distributed tracing, SLO tracking, and proactive anomaly detection', 'Distributed tracing implemented; SLOs defined and tracked with error budgets; anomaly detection alerting; runbooks for common incidents; observability data used for capacity planning; MTTD and MTTR tracked', 365),
  (58, 5, 'Predictive observability with AIOps, chaos engineering, and business-metric correlation', 'AIOps for intelligent alerting and root cause analysis; chaos engineering practiced regularly; business metrics correlated with technical metrics; observability drives architecture decisions; <5 min MTTD for critical issues; observability platform as competitive advantage', 180),
  (59, 1, 'No data architecture; data stored ad hoc in application databases', 'No data strategy; data siloed in application databases; no data governance', NULL),
  (59, 2, 'Basic data storage but no strategic data management or quality processes', 'Database design exists; some data exports for analysis; no data quality processes; limited analytics capability', NULL),
  (59, 3, 'Data architecture with warehouse, ETL pipelines, data quality checks, and access governance', 'Data warehouse or lakehouse in place; ETL/ELT pipelines documented; data quality checks automated; data access policies defined; self-service analytics for key users; data catalog started', 365),
  (59, 4, 'Mature data platform with real-time streaming, data mesh principles, and advanced analytics', 'Real-time data streaming where needed; data mesh or domain-owned data products; advanced analytics (ML models, predictive); data lineage tracked; data SLAs defined; data team or function established', 365),
  (59, 5, 'Data-driven organization with data products, AI/ML platform, and data monetization capabilities', 'Data products with internal and external consumers; ML/AI platform for model development and deployment; data monetization explored; data governance automated; data literacy across organization; CDO or data leader at executive level', 180),
  (60, 1, 'No API strategy; integrations are point-to-point and fragile', 'No documented APIs; integrations built ad hoc; no API standards', NULL),
  (60, 2, 'Some APIs exist but without consistent design standards or documentation', 'Some REST or GraphQL APIs exist; limited documentation; no versioning strategy', NULL),
  (60, 3, 'API-first approach with consistent design standards, documentation, and versioning', 'API design standards documented (naming, error handling, pagination); API documentation generated (OpenAPI/Swagger); versioning strategy defined; authentication and rate limiting in place; key integrations documented', 365),
  (60, 4, 'API platform with developer portal, SDK generation, and partner integration program', 'Developer portal or documentation site; SDKs generated for key languages; partner integration program; API analytics (usage, latency, errors); API gateway in place; API lifecycle management', 365),
  (60, 5, 'API ecosystem with marketplace, event-driven architecture, and API-as-product strategy', 'API marketplace or ecosystem; event-driven architecture with webhooks and pub/sub; API monetization or API-as-product strategy; API governance automated; real-time API health monitoring; API strategy at board level', 180),
  (61, 1, 'Technology vendors selected without evaluation; no vendor management', 'No vendor evaluation process; no contract tracking; vendor relationships unmanaged', NULL),
  (61, 2, 'Some vendor evaluation for major purchases but no ongoing management', 'Basic evaluation for large purchases; contracts tracked in spreadsheet; vendor reviews rare', NULL),
  (61, 3, 'Vendor management with evaluation criteria, contract tracking, and regular performance reviews', 'Vendor evaluation scorecard; contract management system or tracker; annual vendor performance reviews; SLAs defined in contracts; vendor inventory maintained', 365),
  (61, 4, 'Strategic vendor management with TCO analysis, risk assessment, and vendor consolidation planning', 'TCO analysis for major vendors; vendor risk assessment; vendor consolidation roadmap; strategic vs. tactical vendor tiers; vendor relationship management process; multi-vendor sourcing for critical services', 365),
  (61, 5, 'Vendor ecosystem management with strategic partnerships, continuous optimization, and vendor innovation leverage', 'Strategic vendor partnerships with shared roadmaps; continuous vendor optimization program; vendor innovation programs leveraged; vendor management KPIs at executive level; vendor portfolio reviewed quarterly', 180),
  (62, 1, 'No disaster recovery or business continuity plans; single points of failure everywhere', 'No DR plan; no backups tested; no BCP documented', NULL),
  (62, 2, 'Basic backups in place; DR discussed but not documented or tested', 'Regular backups performed; some awareness of DR needs; no formal DR or BCP documents', NULL),
  (62, 3, 'DR and BCP documented with defined RTOs/RPOs, backup testing, and communication plans', 'DR plan documented with RTOs and RPOs; backups tested quarterly; BCP with communication plan; critical systems identified; recovery procedures documented', 365),
  (62, 4, 'Tested DR with automated failover, regular tabletop exercises, and cross-region redundancy', 'Automated failover for critical systems; DR tested bi-annually with tabletop exercises; cross-region or cross-AZ redundancy; BCP tested with stakeholders; lessons learned documented and incorporated', 365),
  (62, 5, 'Resilient-by-design systems with chaos engineering, automated recovery, and near-zero RPO/RTO', 'Near-zero RPO/RTO for critical systems; chaos engineering practiced regularly; automated recovery and self-healing; resilience SLAs met consistently; DR/BCP reviewed at board level; compliance with industry resilience standards', 180),
  (63, 1, 'No delivery methodology; projects run ad hoc without structure', 'No project management methodology; no defined phases or milestones; delivery is unpredictable', NULL),
  (63, 2, 'Basic project management with some planning but inconsistent execution', 'Some project plans created; milestones defined for major projects; delivery methodology loosely followed', NULL),
  (63, 3, 'Consistent delivery methodology with defined phases, ceremonies, and tracking', 'Delivery methodology documented (Agile, Scrum, Kanban, or hybrid); regular ceremonies (standups, retros, planning); project tracking tool in use; velocity or throughput measured; definition of done established', 365),
  (63, 4, 'Optimized delivery with predictable throughput, continuous improvement, and cross-team coordination', 'Predictable delivery throughput; continuous improvement from retrospectives with tracked action items; cross-team delivery coordination for large initiatives; delivery metrics dashboard; project post-mortems conducted', 365),
  (63, 5, 'High-performance delivery with flow optimization, value stream mapping, and data-driven continuous improvement', 'Value stream mapping optimized; flow metrics (cycle time, WIP, throughput) continuously improved; delivery forecasting highly accurate; delivery practices benchmarked against industry; teams self-organizing and autonomous', 180),
  (64, 1, 'No resource planning; people assigned to work reactively', 'No resource allocation process; people pulled between tasks without planning; overallocation common', NULL),
  (64, 2, 'Basic resource allocation with some visibility into team capacity', 'Some awareness of team capacity; resource conflicts identified but resolved ad hoc; basic project staffing', NULL),
  (64, 3, 'Resource planning with capacity tracking, skills matching, and quarterly allocation', 'Resource capacity tracked by team; skills inventory maintained; quarterly resource allocation planning; utilization rate monitored; resource conflicts escalated through defined process', 365),
  (64, 4, 'Strategic resource planning with demand forecasting, talent pooling, and capacity optimization', 'Demand forecasting for resource needs; talent pool for flexible staffing; capacity optimization across teams; resource allocation aligned to strategic priorities; bench strength planned for critical skills', 365),
  (64, 5, 'Dynamic resource optimization with real-time allocation, skill-based routing, and AI-assisted planning', 'Real-time resource visibility and allocation; skill-based work routing; predictive capacity models; resource optimization drives strategic agility; internal talent marketplace; resource planning integrated with financial planning', 180),
  (65, 1, 'No QA process; testing is minimal or nonexistent', 'No dedicated testing; bugs found in production; no test plans or automation', NULL),
  (65, 2, 'Some manual testing before releases; basic test cases for critical flows', 'Manual testing performed for major releases; some test cases documented; no automation', NULL),
  (65, 3, 'QA process with test plans, automated regression testing, and defect tracking', 'Test plans for features; automated regression test suite; defect tracking system; test coverage metrics; QA sign-off required for releases; testing environments maintained', 365),
  (65, 4, 'Advanced QA with shift-left testing, performance testing, and quality metrics program', 'Shift-left testing with developers writing tests; performance and load testing regular; quality metrics (defect escape rate, test coverage >70%); test automation in CI/CD; exploratory testing practiced', 365),
  (65, 5, 'Quality engineering with AI-assisted testing, continuous quality monitoring, and zero-defect culture', 'AI-assisted test generation and maintenance; continuous quality monitoring in production; quality gates fully automated; test coverage >85%; defect escape rate <1%; quality engineering team contributing to architecture decisions', 180),
  (66, 1, 'No process documentation; knowledge lives in people''s heads', 'No SOPs or process documents; tribal knowledge dominates; processes inconsistent', NULL),
  (66, 2, 'Some processes documented but documentation is outdated or incomplete', 'A few key processes documented; documentation scattered and not maintained; inconsistent format', NULL),
  (66, 3, 'Key processes documented with standard templates, ownership, and review cadence', 'Core business processes documented as SOPs; documentation template standardized; process owners assigned; annual documentation review; documentation accessible in central location', 365),
  (66, 4, 'Comprehensive process library with workflow automation, compliance integration, and continuous updates', 'Process library covering >80% of operations; workflow automation for key processes; processes integrated with compliance requirements; documentation updated as part of change management; process effectiveness measured', 365),
  (66, 5, 'Living process system with automated documentation, process mining, and continuous optimization', 'Process mining tools identify optimization opportunities; documentation auto-generated from workflows; process performance benchmarked; process innovation program; process maturity assessed and improved continuously', 180),
  (67, 1, 'Operations are manual and inefficient; no automation efforts', 'Manual processes throughout; no automation initiatives; waste and inefficiency prevalent', NULL),
  (67, 2, 'Some automation of repetitive tasks; basic efficiency awareness', 'A few tasks automated (scripts, macros); some efficiency improvements identified; ad hoc automation', NULL),
  (67, 3, 'Systematic automation of repetitive processes with efficiency metrics and ROI tracking', 'Automation roadmap prioritized by ROI; key manual processes automated; efficiency metrics tracked (throughput, error rate, time saved); automation platform selected; automation documentation maintained', 365),
  (67, 4, 'Operational excellence program with workflow orchestration, process mining, and continuous improvement', 'Workflow orchestration platform; process mining to identify inefficiencies; continuous improvement program with measured outcomes; automation coverage >60% of eligible processes; operational efficiency KPIs at leadership level', 365),
  (67, 5, 'Intelligent automation with AI/ML-driven optimization, self-healing workflows, and industry-leading efficiency', 'AI/ML-driven process optimization; self-healing automated workflows; intelligent document processing; operational efficiency benchmarked against industry leaders; automation ROI exceeds targets; automation center of excellence', 180),
  (68, 1, 'No service level definitions; performance expectations unclear', 'No SLAs defined; no service level tracking; customer expectations unmanaged', NULL),
  (68, 2, 'Informal service expectations; basic response time awareness', 'Informal response time expectations; some awareness of service quality; no formal SLAs', NULL),
  (68, 3, 'SLAs defined for key services with monitoring, reporting, and escalation procedures', 'SLAs documented for internal and external services; SLA monitoring dashboards; regular SLA reporting; escalation procedures defined; SLA breaches tracked', 365),
  (68, 4, 'SLO-driven service management with error budgets, proactive monitoring, and service portfolio management', 'SLOs defined with error budgets; proactive SLA monitoring with early warning; service catalog maintained; service portfolio management; SLA performance influences architecture decisions; customer satisfaction correlated with SLAs', 365),
  (68, 5, 'Predictive service management with AI-driven optimization, dynamic SLAs, and customer-experience-driven targets', 'AI-driven SLA prediction and optimization; dynamic SLAs adjusted to customer needs; service experience targets beyond SLAs; predictive incident prevention; service management benchmarked against ITSM leaders; customer experience correlation measured', 180),
  (69, 1, 'No incident management process; fires are fought reactively', 'No incident response process; no severity classification; no post-incident reviews', NULL),
  (69, 2, 'Ad hoc incident response; some escalation paths known informally', 'Informal incident response; some team members know escalation paths; basic communication during incidents', NULL),
  (69, 3, 'Incident management with severity levels, on-call rotation, runbooks, and post-incident reviews', 'Incident severity classification; on-call rotation with defined responsibilities; runbooks for common incidents; post-incident reviews conducted; incident metrics tracked (MTTD, MTTR); communication templates', 365),
  (69, 4, 'Mature incident management with automated detection, blameless post-mortems, and trend analysis', 'Automated incident detection and alerting; blameless post-mortem culture with action items tracked; incident trend analysis; incident commander role defined; SLA compliance during incidents tracked; incident database maintained', 365),
  (69, 5, 'Proactive incident prevention with predictive analysis, chaos engineering, and automated remediation', 'Predictive incident analysis preventing issues before impact; chaos engineering regular; automated remediation for known scenarios; incident response time <5 min for critical; industry-leading reliability practices; incident management influences product design', 180),
  (70, 1, 'Changes made without process; uncontrolled changes cause incidents', 'No change management process; changes deployed without review; change-related incidents frequent', NULL),
  (70, 2, 'Basic change awareness; some changes communicated beforehand', 'Major changes communicated to team; some change planning for large deployments; no formal approval process', NULL),
  (70, 3, 'Change management with approval workflow, impact assessment, and rollback plans', 'Change request process with approval workflow; impact and risk assessment for changes; rollback plans required; change calendar maintained; change-related incidents tracked', 365),
  (70, 4, 'Optimized change management with automated validation, change velocity metrics, and risk-based governance', 'Automated change validation and testing; change velocity metrics tracked; risk-based change governance (standard vs. emergency); change success rate >95%; change management integrated with CI/CD; change advisory board or process', 365),
  (70, 5, 'Continuous change with automated governance, progressive delivery, and zero-change-failure culture', 'Fully automated change governance for standard changes; progressive delivery reducing change risk; change failure rate <2%; self-service change management for low-risk changes; change management practices benchmarked against industry', 180),
  (71, 1, 'No organized customer support; inquiries handled ad hoc by founders or developers', 'No support team or process; support requests handled by whoever is available; no ticket tracking', NULL),
  (71, 2, 'Basic support with shared inbox and some response tracking', 'Shared email inbox for support; basic ticket tracking; response times inconsistent; limited knowledge base', NULL),
  (71, 3, 'Structured support with ticketing system, SLAs, knowledge base, and escalation paths', 'Ticketing system with categorization; response and resolution SLAs; knowledge base with self-service articles; escalation matrix defined; CSAT measured; support hours defined', 365),
  (71, 4, 'Optimized support with multi-channel coverage, proactive support, and support analytics', 'Multi-channel support (email, chat, phone); proactive support based on product telemetry; first-contact resolution rate tracked; support analytics dashboard; support team training program; QA on support interactions', 365),
  (71, 5, 'AI-enhanced support with predictive assistance, self-service automation, and support-driven product improvement', 'AI-powered chatbot and ticket routing; predictive support interventions; self-service resolution >50%; support insights drive product improvements; NPS from support >60; support operations benchmarked against best-in-class', 180),
  (72, 1, 'No supply chain or vendor operations management; dependencies untracked', 'No vendor operations tracking; supply chain risks unknown; no SLAs with operational vendors', NULL),
  (72, 2, 'Basic vendor tracking with some SLAs; supply chain risks informally understood', 'Key operational vendors listed; some SLAs in contracts; basic performance awareness', NULL),
  (72, 3, 'Vendor operations management with performance tracking, SLA monitoring, and risk assessment', 'Vendor performance scorecards; SLA monitoring regular; supply chain risks documented; alternative vendors identified for critical services; vendor review cadence established', 365),
  (72, 4, 'Optimized vendor operations with total cost management, risk mitigation, and strategic partnerships', 'Total cost of vendor operations managed; risk mitigation plans for critical vendors; strategic vendor partnerships with joint planning; vendor diversification strategy; vendor operations dashboard', 365),
  (72, 5, 'Resilient vendor ecosystem with predictive risk management, continuous optimization, and strategic alignment', 'Predictive vendor risk management; continuous vendor optimization program; vendor ecosystem aligned with business strategy; vendor innovation leveraged; supply chain resilience tested regularly; vendor operations at board-level visibility', 180),
  (73, 1, 'No strategic planning process; strategy is reactive and undocumented', 'No strategic plan; no planning cadence; direction shifts based on opportunities or crises', NULL),
  (73, 2, 'Annual strategy discussion but outcomes not documented or tracked', 'Annual strategy conversation occurs; some goals identified; limited follow-through and tracking', NULL),
  (73, 3, 'Structured strategic planning with documented strategy, annual planning cycle, and progress tracking', 'Strategic plan documented with objectives and initiatives; annual planning cycle with quarterly reviews; strategic progress tracked; cross-functional input into planning; strategy communicated to all employees', 365),
  (73, 4, 'Dynamic strategic planning with scenario analysis, competitive strategy, and strategy deployment', 'Scenario analysis informing strategy; competitive strategy explicitly addressed; strategy deployed through OKRs or balanced scorecard; strategic assumptions tracked and validated; board input into strategic direction; mid-year strategy refresh', 365),
  (73, 5, 'Continuous strategic adaptation with real-time market sensing, portfolio strategy, and execution excellence', 'Real-time market signals influence strategic priorities; portfolio strategy across business units or product lines; strategic agility demonstrated (pivots executed successfully); strategy effectiveness measured with outcome metrics; strategic planning benchmarked against best practices', 180),
  (74, 1, 'Decisions made by HiPPO with no framework or documentation', 'No decision-making framework; decisions centralized in founder/CEO; no decision log', NULL),
  (74, 2, 'Some awareness of decision-making patterns; occasional documentation of major decisions', 'Major decisions sometimes documented; some delegation of decisions; decision-making slow or inconsistent', NULL),
  (74, 3, 'Decision-making framework with clear roles (RACI/DACI), documented decisions, and escalation paths', 'RACI or DACI framework adopted; decision log maintained for strategic decisions; escalation paths defined; decision-making authority levels documented; decisions communicated to stakeholders', 365),
  (74, 4, 'Data-driven decision-making with decision quality tracking, pre-mortem analysis, and distributed authority', 'Data-driven decision culture with evidence requirements; pre-mortem or decision quality reviews; distributed decision authority with clear guardrails; decision velocity tracked; reversible vs. irreversible decisions distinguished', 365),
  (74, 5, 'Optimized decision system with decision intelligence, rapid experimentation, and continuous calibration', 'Decision intelligence tools or processes; rapid experimentation for reversible decisions; decision quality calibration (reviewing past decisions); decision-making speed benchmarked; decision authority matrix continuously refined; decision culture is a competitive advantage', 180),
  (75, 1, 'No board or advisor management; relationships are informal and underutilized', 'No board materials preparation; no advisor agreements; board meetings (if any) are unstructured', NULL),
  (75, 2, 'Basic board meetings with financial updates; advisors engaged ad hoc', 'Board meetings held with basic financial reports; some advisor relationships; no structured advisory program', NULL),
  (75, 3, 'Structured board management with regular meetings, prepared materials, and advisory program', 'Quarterly board meetings with prepared materials; board deck template; advisory board or individual advisors with agreements; board input tracked; board composition reviewed', 365),
  (75, 4, 'Strategic board management with proactive engagement, committee structure, and board evaluation', 'Board committees (audit, compensation, governance); proactive board engagement between meetings; board skills matrix maintained; board self-evaluation conducted; strategic topics calendar for board; advisor ROI assessed', 365),
  (75, 5, 'High-performing board with strategic value creation, governance excellence, and succession planning', 'Board drives strategic value beyond oversight; governance practices benchmark against public-company standards; board succession planning; board diversity targets met; board-CEO relationship drives org performance; advisory network leveraged for deals and talent', 180),
  (76, 1, 'No risk management; risks identified only when they materialize', 'No risk register; no risk assessment process; risk management is firefighting', NULL),
  (76, 2, 'Some awareness of key risks; occasional discussion at leadership level', 'Key risks informally discussed; some insurance coverage; no formal risk assessment', NULL),
  (76, 3, 'Risk management with risk register, regular assessment, and mitigation plans', 'Risk register maintained with likelihood and impact ratings; quarterly risk review; mitigation plans for top risks; risk owners assigned; risk reporting to leadership', 365),
  (76, 4, 'Enterprise risk management with cross-functional assessment, scenario planning, and risk appetite definition', 'Enterprise-wide risk assessment; risk appetite statement defined; scenario planning for key risks; risk management integrated into strategic planning; risk dashboard at leadership level; emerging risks monitored', 365),
  (76, 5, 'Predictive risk management with real-time monitoring, stress testing, and risk-informed culture', 'Real-time risk monitoring; stress testing and simulation; risk-informed decision culture; risk management benchmarked against best practices; board-level risk committee; risk management influences investment decisions', 180),
  (77, 1, 'Executive team misaligned; different leaders pursuing different priorities', 'No shared executive agenda; conflicting priorities visible; executive meetings unproductive', NULL),
  (77, 2, 'Basic executive coordination; some shared goals but limited alignment on priorities', 'Executive team meets regularly; some shared objectives; alignment breaks down in execution', NULL),
  (77, 3, 'Aligned executive team with shared strategy, regular cadence, and cross-functional collaboration', 'Shared strategic priorities documented; regular executive meetings with structured agenda; cross-functional initiatives staffed; executive team charter or norms defined; conflict resolution process exists', 365),
  (77, 4, 'High-performing executive team with mutual accountability, strategic debates, and culture stewardship', 'Mutual accountability mechanisms (peer feedback, shared OKRs); constructive strategic debates; executive team actively stewards culture; team effectiveness assessed; executive offsites with strategic outcomes; external coach or facilitator used', 365),
  (77, 5, 'Cohesive executive leadership with one-team operating model, collective intelligence, and succession depth', 'One-team operating model demonstrated; collective intelligence in decision-making; succession depth for every exec role; executive team effectiveness benchmarked; team drives org performance beyond individual contributions; external recognition of leadership quality', 180),
  (78, 1, 'No regular meeting cadence; meetings are ad hoc and unstructured', 'No defined meeting schedule; meetings called reactively; no agendas or follow-up', NULL),
  (78, 2, 'Some regular meetings but inconsistent attendance, agendas, and follow-through', 'Weekly team meetings occur; agendas sometimes prepared; action items rarely tracked', NULL),
  (78, 3, 'Defined meeting cadence with weekly, monthly, and quarterly rhythms, agendas, and action tracking', 'Weekly, monthly, and quarterly meeting cadence documented; agendas prepared in advance; action items tracked to completion; meeting effectiveness feedback collected; clear meeting owners', 365),
  (78, 4, 'Optimized governance rhythms with tiered meeting structure, decision logging, and cadence compliance tracking', 'Tiered meeting structure (team, department, leadership, board); decision log maintained; cadence compliance >90%; meeting time budgets monitored; meeting quality surveys; strategic topics distributed across cadence', 365),
  (78, 5, 'High-performance governance with async-first principles, real-time dashboards, and meeting ROI optimization', 'Async-first culture reducing meeting load; real-time dashboards replace status meetings; meeting ROI tracked; governance rhythm continuously optimized; meeting culture benchmarked; governance enables speed without sacrificing quality', 180),
  (79, 1, 'All decisions centralized in founder/CEO; no delegation framework', 'No delegation of authority; CEO involved in all decisions; bottlenecks everywhere', NULL),
  (79, 2, 'Some informal delegation but authority levels unclear', 'Some tasks delegated; authority boundaries unclear; frequent escalation back to CEO', NULL),
  (79, 3, 'Delegation framework with defined authority levels, spending limits, and escalation triggers', 'Authority matrix documented; spending authority limits by level; escalation triggers defined; delegation communicated to team; CEO tracks delegation effectiveness', 365),
  (79, 4, 'Mature delegation with decision rights, autonomous teams, and delegation health measurement', 'Decision rights framework (RACI/DACI) deployed org-wide; autonomous team charters; delegation health metrics (% decisions below CEO, decision latency); delegation coaching for managers; quarterly delegation review', 365),
  (79, 5, 'Distributed authority with self-organizing teams, real-time delegation analytics, and scalable governance', 'Self-organizing teams with clear guardrails; real-time delegation analytics; >80% decisions made below CEO level; delegation scales with org growth; authority matrix continuously refined; delegation culture is competitive advantage', 180),
  (80, 1, 'No goal-setting framework; priorities are implicit or shifting', 'No OKRs, KPIs, or formal goal framework; goals not documented', NULL),
  (80, 2, 'Goals set annually but not cascaded or regularly tracked', 'Annual goals exist; limited cascade to teams; goals reviewed infrequently; no standardized framework', NULL),
  (80, 3, 'OKR or equivalent framework with quarterly goal-setting, cascading, and progress tracking', 'OKR or goal framework adopted; quarterly goal-setting cycle; goals cascaded from company to team level; progress tracked at least monthly; goals visible to all employees', 365),
  (80, 4, 'Mature goal system with cross-functional alignment, outcome-based metrics, and retrospective learning', 'Cross-functional OKR alignment; outcomes-based (not output-based) key results; quarterly retrospective on goal quality; goal completion rate tracked; goals influence resource allocation; stretch goals balanced with commitments', 365),
  (80, 5, 'Strategic goal system with real-time progress, predictive achievement, and goal-strategy integration', 'Real-time goal progress dashboards; predictive goal achievement models; goals directly linked to strategic plan; goal framework evolves based on retrospective data; goal-setting quality benchmarked; goal system drives organizational alignment at scale', 180),
  (81, 1, 'Legal and regulatory requirements unknown or ignored; no compliance program', 'No legal counsel retained; compliance requirements not identified; no policy documentation', NULL),
  (81, 2, 'Basic legal awareness; outside counsel used reactively for issues', 'Outside counsel engaged for contracts; some awareness of regulatory requirements; basic employment law compliance; no proactive compliance program', NULL),
  (81, 3, 'Compliance program with identified requirements, policy documentation, and regular legal review', 'Regulatory requirements identified and tracked; key policies documented (privacy, employment, IP); contract review process; annual compliance review; data privacy basics (privacy policy, consent)', 365),
  (81, 4, 'Proactive compliance with regulatory monitoring, training programs, and audit readiness', 'Regulatory change monitoring; compliance training for relevant employees; GDPR/CCPA or equivalent privacy compliance; audit-ready documentation; compliance risk assessment; internal or external legal counsel on retainer', 365),
  (81, 5, 'Compliance excellence with automated monitoring, regulatory relationships, and compliance-as-enabler mindset', 'Automated compliance monitoring; regulatory relationships proactively managed; compliance enables market entry (not just risk mitigation); compliance program benchmarked; board-level compliance reporting; GRC platform in use', 180),
  (82, 1, 'No structured stakeholder communication; information shared informally or not at all', 'No regular communication to employees, investors, or partners; information silos', NULL),
  (82, 2, 'Periodic all-hands or updates but inconsistent and one-directional', 'Occasional all-hands meetings; some investor updates; communication is top-down only', NULL),
  (82, 3, 'Regular stakeholder communication with defined channels, cadence, and two-way feedback', 'Monthly all-hands or team updates; quarterly investor updates; internal communication channels defined; two-way feedback mechanisms; communication calendar maintained; key decisions communicated promptly', 365),
  (82, 4, 'Strategic communication with tailored messaging, transparency metrics, and multi-stakeholder engagement', 'Stakeholder-specific communication plans; transparency metrics tracked (employee awareness, investor satisfaction); multi-directional communication; communication effectiveness surveyed; crisis communication plan; internal comms supports culture', 365),
  (82, 5, 'Radical transparency with real-time information sharing, stakeholder trust measurement, and communication excellence', 'Radical transparency culture with open metrics and decision rationale; real-time information dashboards for stakeholders; stakeholder trust index measured; communication drives competitive advantage in talent and investor relations; communication practices benchmarked; board recognizes communication quality', 180);

-- ═══════════════════════════════════════════════════════════════════
-- Lifecycle Weights (4 rows — OPI weight profiles per stage)
-- ═══════════════════════════════════════════════════════════════════

INSERT INTO lifecycle_weights (lifecycle_stage, w1_gap, w2_pnl, w3_speed, w4_dependency, w5_risk) VALUES
  ('startup',  0.350, 0.200, 0.250, 0.100, 0.100),
  ('growth',   0.250, 0.300, 0.200, 0.125, 0.125),
  ('scale',    0.200, 0.250, 0.150, 0.200, 0.200),
  ('mature',   0.150, 0.200, 0.100, 0.250, 0.300);
